# runtime	.NET CLR 6.0.36
# platform	OSX	Unix 26.5.2
# seed	20260817
# build	833427992d+c3a846e7/9e602b0f/1749f466
# netframe	synchash	sharedrandom	randomdraws	defeatstate
1	-806655259	603497325	7	0
2	-806470266	603497325	7	0
3	-806470266	603497325	7	0
4	-806470266	603497325	7	0
5	-806470266	603497325	7	0
6	-806470266	603497325	7	0
7	-806470266	603497325	7	0
8	-806470266	603497325	7	0
9	-806470266	603497325	7	0
10	-806470266	603497325	7	0
11	-806470266	603497325	7	0
12	-806470266	603497325	7	0
13	-806470266	603497325	7	0
14	-806506746	603497325	7	0
15	-806565066	603497325	7	0
16	-806626986	603497325	7	0
17	671548701	185437039	11	0
18	-670484741	185437039	11	0
19	-670569725	185437039	11	0
20	-670637603	185437039	11	0
21	456102408	1312134354	12	0
22	456012774	1312134354	12	0
23	455982066	1312134354	12	0
24	455850064	1312134354	12	0
25	455812732	1312134354	12	0
26	455807980	1312134354	12	0
27	869586062	1950519077	20	0
28	446383435	1950519077	20	0
29	445639357	1950519077	20	0
30	1777801242	1950519077	20	0
31	609303049	780593929	22	0
32	1630967647	64612819	23	0
33	-976440856	64612819	23	0
34	-977207241	64612819	23	0
35	-977252860	64612819	23	0
36	-908376932	135329727	26	0
37	1663451903	518702567	27	0
38	-1174575661	518702567	27	0
39	-1471122359	229952394	28	0
40	-1469546905	229952394	28	0
41	-320356913	1381229224	30	0
42	539543169	1381229224	30	0
43	602118765	1441533615	31	0
44	-1038618540	1969716308	32	0
45	-1004922528	1969716308	32	0
46	-2130854137	834885794	34	0
47	1715702493	388358680	35	0
48	2051069315	561295852	39	0
49	281282652	631989329	40	0
50	1408553988	199103	41	0
51	1414301134	199103	41	0
52	324290144	999554203	43	0
53	-307604060	367226493	44	0
54	-298406220	367226493	44	0
55	934890869	1617420234	47	0
56	1355965774	2029210727	48	0
57	-1344597392	617636251	49	0
58	1636729428	617636251	49	0
59	1745587648	726164087	50	0
60	-46104906	1110005823	51	0
61	-2064486955	1685659328	54	0
62	1416362389	868515016	55	0
63	-1450053430	1877361473	56	0
64	676626451	132670746	58	0
65	81290650	1479334128	62	0
66	-1545710180	942610698	65	0
67	-495050866	1091191087	68	0
68	1255474946	627340362	69	0
69	-1789235599	1872277406	72	0
70	-1567315426	1449045680	74	0
71	2020981869	1534208144	75	0
72	-73362332	1534208144	75	0
73	1533168572	1525845404	78	0
74	2032908918	1120520844	80	0
75	109544954	668731100	83	0
76	778853054	1833398482	84	0
77	-234926958	813495801	86	0
78	520561195	1414482021	92	0
79	1521103971	268040234	94	0
80	644227043	1358380898	95	0
81	1287756572	818527897	97	0
82	2135837345	1665852962	100	0
83	-1800947470	1057765303	101	0
84	-2045777449	834475310	103	0
85	-1448733659	1417323846	107	0
86	-768596669	2100897534	108	0
87	1546416956	1305652917	110	0
88	1058004158	2090493848	115	0
89	1206447727	2133748264	117	0
90	-511631820	443216541	120	0
91	-187806167	1241978645	125	0
92	-111219611	188307075	129	0
93	-1000341288	24574405	131	0
94	-722962101	1374476541	135	0
95	1767632347	331452793	138	0
96	-644227347	309109287	141	0
97	-1110949976	1002371373	146	0
98	27260877	253788355	149	0
99	-1722361998	1820143781	154	0
100	-2090703947	1389253110	159	0
101	1253950508	635566069	163	0
102	18562992	580032246	168	0
103	1937515266	1276556190	171	0
104	624358547	1788970655	175	0
105	1846928995	752803961	178	0
106	2123562070	1012332062	182	0
107	1463357282	782539466	187	0
108	437704783	1992057665	195	0
109	154891396	1645930021	198	0
110	-495704271	1507342484	201	0
111	-1772068187	498991788	207	0
112	-1754229306	643105165	210	0
113	989904686	816198960	218	0
114	-1238127765	245353174	222	0
115	1859790348	1180101154	226	0
116	1160739786	634843751	232	0
117	-1643637505	1330899058	236	0
118	731193915	656281104	243	0
119	-2090935790	204808900	247	0
120	-343753035	1553329009	252	0
121	-1395781627	349699180	257	0
122	-1001154383	1708882416	264	0
123	393915094	595601005	269	0
124	-961169099	205137165	272	0
125	616725381	338591829	276	0
126	-1860973508	753127882	281	0
127	188266937	526891095	284	0
128	8050983	106660092	293	0
129	-564928480	892670128	298	0
130	1857791525	1236610075	303	0
131	2068235987	1248334235	311	0
132	-243604719	813287670	316	0
133	1842093129	1377015382	320	0
134	-712910813	491848856	322	0
135	11434081	1266734584	328	0
136	2098168965	355025343	333	0
137	922034026	1771282360	337	0
138	250412671	483139766	349	0
139	-449801894	297756205	354	0
140	-1192107696	2046125395	362	0
141	556535423	660102315	364	0
142	-18719303	478186388	372	0
143	-1828017447	1475065869	375	0
144	-324758758	1478371066	381	0
145	-382704014	1206034884	383	0
146	1847444891	1382883524	392	0
147	-617655575	1768173201	395	0
148	1645433018	525397900	407	0
149	-501217796	1941677676	413	0
150	-913713356	798361705	419	0
151	287167312	968889914	425	0
152	-1451715221	854923674	429	0
153	1297581250	69573226	437	0
154	1176473895	406260022	443	0
155	-1514670557	1519789374	449	0
156	31694085	924825403	456	0
157	-1395734159	709867152	459	0
158	-785319104	1091617988	473	0
159	-1189231477	1315960679	483	0
160	-499699166	1972280800	486	0
161	123513279	1120707158	492	0
162	398238726	1277537366	498	0
163	-983802240	1107496905	505	0
164	-549572377	1507524348	510	0
165	-1226379826	69542906	516	0
166	-1596171445	232869325	523	0
167	-451971556	1517902209	533	0
168	2147187038	2104732230	540	0
169	1987533661	268399387	545	0
170	-135857135	1094806390	551	0
171	-1960191063	690731928	558	0
172	-1333491831	1070551904	563	0
173	1785188433	1992563702	573	0
174	1563983007	1098033201	580	0
175	2032970025	1306877236	589	0
176	1557863195	1079715267	598	0
177	599116376	1278552824	606	0
178	-146208531	579884199	618	0
179	988600684	1375172007	627	0
180	1838474331	1564645336	634	0
181	-1315443072	411136782	640	0
182	-439136173	773761091	650	0
183	1445168258	1933106722	655	0
184	292863161	1834734256	660	0
185	678918946	1824660371	668	0
186	393691530	23811869	678	0
187	558576605	1692158595	685	0
188	-2133372793	1254157651	697	0
189	1183782101	230128909	703	0
190	-34246083	1196128585	709	0
191	1396897150	47465368	716	0
192	-470257167	1617571209	727	0
193	1537584272	1516803546	733	0
194	2062726638	1927767483	739	0
195	-239069072	1977506927	750	0
196	-1596339747	1029546169	759	0
197	926959591	600117814	765	0
198	944819616	1018271211	774	0
199	-137923872	232756703	782	0
200	-2014873605	1437278903	788	0
201	793765137	196781119	799	0
202	704571824	348276992	806	0
203	-1984868223	1913025186	811	0
204	-1312852126	1259491426	817	0
205	2059962789	1266714385	824	0
206	-86112576	175395192	831	0
207	1688517429	121531175	839	0
208	-668723465	1637518649	852	0
209	596614617	846499654	856	0
210	130901065	1700271895	863	0
211	-285772547	1272342634	872	0
212	-37371292	1343022691	883	0
213	1499236811	1023344903	890	0
214	1517459644	673122597	895	0
215	-348243840	571085077	903	0
216	-1323052811	1031668249	910	0
217	-565199424	734198269	919	0
218	1262414687	1210258232	929	0
219	2051039495	989462501	939	0
220	676611130	194396521	943	0
221	-1715558427	89879109	949	0
222	-1468847830	233893744	956	0
223	290872520	898307457	963	0
224	512429250	2053463046	965	0
225	36423262	1245867049	973	0
226	-411381459	1592216806	981	0
227	-289608010	1370766552	992	0
228	1472976002	49934014	1006	0
229	-722575630	1917560447	1011	0
230	-1250593817	399937223	1014	0
231	-1539650611	2102360948	1020	0
232	1139607541	1589516929	1030	0
233	526420489	722003025	1036	0
234	-458704126	860971362	1045	0
235	-569160177	812905897	1054	0
236	1230372989	1728136169	1058	0
237	-1919084020	2111213410	1065	0
238	667065029	1666832373	1069	0
239	1887014674	404669447	1078	0
240	-2024285663	494579281	1083	0
241	-319527701	337127309	1093	0
242	2125998086	983042090	1097	0
243	-1088097767	151976466	1104	0
244	923143788	1309066833	1109	0
245	-1363728687	883247859	1119	0
246	1424275324	600579340	1127	0
247	-277441928	1578543270	1138	0
248	-1212870727	650475806	1142	0
249	359788142	818924957	1152	0
250	882918701	1207659032	1157	0
251	30144690	1033000836	1167	0
252	100105450	1424662426	1172	0
253	1541950319	276757562	1180	0
254	1605862939	74648905	1193	0
255	-283818400	1043934143	1201	0
256	-503545990	1385605234	1206	0
257	-975783430	924288575	1214	0
258	68793692	608342269	1224	0
259	1427427459	1032053752	1232	0
260	552687951	300533330	1240	0
261	1390754935	1195187778	1248	0
262	477532725	911692310	1256	0
263	517576928	99609832	1267	0
264	-603485957	135364425	1270	0
265	-1599186956	1765351971	1280	0
266	-397713519	1536015373	1285	0
267	-352693118	480327268	1294	0
268	-861969806	1351628087	1304	0
269	-902364306	363002009	1319	0
270	253821886	906114209	1324	0
271	1176737497	147988592	1331	0
272	-377609608	2105281923	1340	0
273	506732262	181116566	1348	0
274	1067414982	483647819	1355	0
275	-1020082123	1325935871	1362	0
276	1355455054	1852716609	1373	0
277	1117782131	161904230	1384	0
278	-70016646	50936952	1403	0
279	-2103597951	1078869057	1414	0
280	-1848324824	465567965	1419	0
281	839747804	1081313264	1428	0
282	291561426	1682728052	1437	0
283	87928232	857323487	1447	0
284	214120369	1539354328	1456	0
285	-1070684125	944517840	1468	0
286	1561265191	616583919	1484	0
287	-1493081934	1389900631	1491	0
288	-1852589906	1794309761	1505	0
289	-776009793	447762475	1511	0
290	979005579	1458286276	1523	0
291	-1996488585	1315580664	1528	0
292	1951082593	1069733719	1539	0
293	-1539987318	194754073	1559	0
294	1739280576	112809167	1569	0
295	-1318758569	62140603	1577	0
296	-393093191	873286845	1587	0
297	-1163671832	1201926173	1594	0
298	862778173	1147220951	1605	0
299	1222943278	904158332	1611	0
300	-1543742658	355943130	1623	0
301	476123590	1734404094	1630	0
302	1301214764	977932593	1638	0
303	118651957	591696366	1647	0
304	934004778	1541998776	1657	0
305	95347970	23051120	1666	0
306	258687545	440303392	1677	0
307	-2142049523	1198796686	1681	0
308	-78151120	1327199397	1697	0
309	424219979	708063026	1702	0
310	741917308	1420356907	1709	0
311	-343919847	317870528	1718	0
312	645240440	1099458136	1733	0
313	2024120984	100375592	1739	0
314	2029296209	1580484351	1751	0
315	1850968503	1567616632	1760	0
316	1788839226	513348422	1766	0
317	7924696	968301829	1772	0
318	938496142	1609837507	1781	0
319	1189234498	1515594331	1787	0
320	-380172910	1232038335	1798	0
321	-1011816705	1182057574	1808	0
322	-165683211	1503948120	1819	0
323	2095187255	476412757	1830	0
324	1455047060	939793741	1840	0
325	-1892366439	1952387570	1848	0
326	10915621	2115258368	1855	0
327	2133340489	870474799	1866	0
328	1614215734	190275093	1883	0
329	-1685562318	98283711	1893	0
330	-653576290	1507647529	1903	0
331	2054570405	142442082	1914	0
332	-576726708	1908594736	1931	0
333	-1324268088	1599710880	1939	0
334	1361762671	82375562	1952	0
335	2128577996	1245896692	1961	0
336	2061634677	1366489677	1969	0
337	-1980218993	591360587	1978	0
338	-1943216494	1717947573	1991	0
339	-629363982	2063457101	2004	0
340	973131180	765588780	2014	0
341	229619725	668482407	2024	0
342	-718929932	1141495765	2032	0
343	1300083776	178199562	2038	0
344	-36770781	1524995936	2046	0
345	950535108	75085911	2057	0
346	2102941484	1598729420	2065	0
347	551287108	18815530	2077	0
348	1569647	1955910442	2086	0
349	-234393496	235666331	2094	0
350	1359241983	1030091217	2104	0
351	1190800626	205902340	2109	0
352	462321712	753366528	2118	0
353	-1482586739	974696358	2131	0
354	-1101538497	1444275616	2140	0
355	-1896001197	987000453	2152	0
356	-975406724	1247320929	2164	0
357	-1319086498	86427826	2172	0
358	857869105	841056380	2181	0
359	-881499740	2094486586	2186	0
360	-1052577057	1189996086	2197	0
361	993082649	581121735	2208	0
362	-465767474	1118323448	2220	0
363	-1979893118	1339621079	2227	0
364	-111228822	754572087	2237	0
365	-1979062012	1666843394	2243	0
366	2064428994	833531165	2253	0
367	2139781386	1400965593	2269	0
368	790116380	1071029972	2277	0
369	1314281435	649603796	2283	0
370	1735883002	60169851	2289	0
371	-552402734	1704896970	2301	0
372	-899739804	236961298	2310	0
373	-1407585562	1922290368	2320	0
374	-1356588524	1758020087	2327	0
375	586861129	1574666277	2339	0
376	-632512627	429874919	2342	0
377	-365322875	225567753	2356	0
378	-1172675603	1369569917	2382	0
379	-14560770	1172400939	2402	0
380	-463465099	1811306664	2414	0
381	-714064186	1700762418	2420	0
382	-693370430	1928021778	2435	0
383	-422266773	1900966507	2444	0
384	1985166127	793049319	2461	0
385	-994873404	1032371461	2483	0
386	209671469	633131177	2510	0
387	843401602	1850669002	2527	0
388	-1204093503	864442290	2546	0
389	1683872702	643319559	2555	0
390	245574412	1285913895	2574	0
391	1731128814	405985617	2591	0
392	1521608300	1157492520	2613	0
393	1418501897	1086356491	2645	0
394	99611668	1101796289	2656	0
395	-1756814560	1914815342	2678	0
396	-1333524639	1809928735	2693	0
397	504253300	778142777	2711	0
398	-1834186001	1960481600	2724	0
399	-633826039	118567420	2740	0
400	-650606826	130837596	2753	0
401	-1523766301	1592179152	2769	0
402	-842249059	1120313408	2785	0
403	768110592	368410146	2799	0
404	-480806822	426253325	2810	0
405	-1249117689	1322076505	2829	0
406	-614006748	2040035551	2845	0
407	-83669506	1613983478	2854	0
408	1315605437	503711690	2865	0
409	-1326049110	1021236514	2871	0
410	-1492640248	1556143805	2888	0
411	605514323	195258910	2891	0
412	156950375	534134553	2900	0
413	-1255776914	2017644299	2908	0
414	-2008615996	967159460	2917	0
415	-750703874	1867052638	2927	0
416	-1984601246	1446916761	2935	0
417	1060394086	702638246	2944	0
418	2134970939	40605817	2954	0
419	1968933588	12940413	2963	0
420	-375873894	2101989521	2975	0
421	1335705946	1559904842	2982	0
422	1120629942	1489790777	2989	0
423	-2028134498	869593336	2997	0
424	99520049	177214420	3006	0
425	-575005349	322800901	3014	0
426	1116023928	825469841	3021	0
427	-157970665	138600243	3033	0
428	1096684709	1579362871	3040	0
429	1010504985	1122000566	3051	0
430	1663070798	320092651	3061	0
431	1064415819	2017163120	3070	0
432	748233268	1740232705	3079	0
433	-1450442433	712689821	3086	0
434	-1531648911	1417217000	3095	0
435	-1000443805	1978148764	3104	0
436	277273626	876755739	3116	0
437	-264255521	535625325	3136	0
438	490187087	1214924622	3167	0
439	1015147099	1276900175	3191	0
440	-1289474735	2111076337	3224	0
441	-247663626	1872177218	3246	0
442	-560790200	1189765297	3273	0
443	-1960969336	955380734	3296	0
444	1787842046	158237234	3326	0
445	-22659067	736870280	3349	0
446	-1973713789	1238434897	3383	0
447	2032972014	1382038878	3416	0
448	1445056812	2085029948	3443	0
449	1923551292	1939669384	3473	0
450	143828666	1645782981	3507	0
451	642529262	126098467	3521	0
452	-295767907	1613196002	3557	0
453	843444583	1125426247	3581	0
454	-1033365159	1284305123	3610	0
455	-1718779108	44345374	3643	0
456	622441415	132761733	3682	0
457	-388376779	1261588153	3709	0
458	-2145683387	764861280	3738	0
459	1263369593	1101772007	3754	0
460	-478107044	1026394001	3776	0
461	1754650650	400223865	3787	0
462	-1563134004	1766543608	3806	0
463	-1061607532	340277105	3820	0
464	-38246849	1609779271	3838	0
465	-1867381669	1935578956	3854	0
466	1760270739	1798508200	3862	0
467	-1763102868	161740220	3895	0
468	-635041131	1725127723	3905	0
469	-2005271672	1702825734	3912	0
470	-1594814625	1813888598	3922	0
471	750197156	1989940172	3933	0
472	-1658842095	2058421983	3941	0
473	-1202869994	1416900641	3959	0
474	-747027092	1150995885	3973	0
475	1355985028	2103063467	3980	0
476	-583948469	725203950	3989	0
477	1139499766	1649426074	4002	0
478	-696149793	1410891061	4010	0
479	-1957753761	137189702	4024	0
480	-2077099359	1983263327	4030	0
481	-200157590	2013690946	4049	0
482	1830639913	1971251862	4068	0
483	1863114478	771957303	4096	0
484	683676263	1755257904	4113	0
485	-1291027176	412637574	4136	0
486	1645684103	401522576	4160	0
487	902741111	1173107214	4193	0
488	320185341	2103267399	4215	0
489	553176529	1538005469	4237	0
490	-1316554012	2064607523	4259	0
491	-1847624896	1797121512	4285	0
492	-12007018	177897122	4312	0
493	405406560	1538222712	4346	0
494	1748942228	128842544	4369	0
495	130282112	1666730930	4387	0
496	-2130197402	1844093552	4409	0
497	746016243	2063113594	4427	0
498	2103283495	23373971	4447	0
499	-247103326	1628290932	4459	0
500	1201156766	1018846198	4483	0
501	-1661227949	1237726448	4506	0
502	-1380347155	1497633819	4524	0
503	-1328226388	2047533312	4544	0
504	1614721071	1960356589	4560	0
505	-845386837	1340271132	4571	0
506	-709082860	1599315909	4583	0
507	171334454	221181700	4606	0
508	577541205	759223242	4628	0
509	-799808852	1088958909	4649	0
510	-1225289662	1371210035	4667	0
511	-2041588666	1880760830	4675	0
512	-1822256147	20984726	4691	0
513	1308785518	325404650	4717	0
514	1911640162	84732814	4742	0
515	335640302	1535408223	4763	0
516	646335050	83855675	4775	0
517	-523926059	234451396	4784	0
518	1448944117	369595173	4806	0
519	-2146106091	1176253213	4832	0
520	-1514658902	1297119821	4851	0
521	1925733669	1323989832	4873	0
522	-1793476857	1319768412	4886	0
523	879113209	595828212	4897	0
524	1021436971	1271874951	4911	0
525	1061457259	412324928	4942	0
526	922106996	1309539515	4959	0
527	214919705	663938678	4975	0
528	2036903275	1781284752	4987	0
529	-427618742	772385770	4997	0
530	1911340383	2060804563	5023	0
531	-1035884320	1856054509	5051	0
532	-1502196055	1996909324	5078	0
533	85464420	1996570238	5090	0
534	598975692	1289460406	5104	0
535	1674935415	1611433821	5120	0
536	658634157	1144313721	5141	0
537	-1426077793	747234203	5163	0
538	-497181579	470572605	5197	0
539	1218810531	448983937	5203	0
540	24232451	418851869	5216	0
541	282220476	1277419314	5225	0
542	1761770145	514204793	5228	0
543	618879035	1280739639	5238	0
544	-611048977	506932939	5250	0
545	-869532435	506039060	5259	0
546	702649917	1873466260	5281	0
547	1006931014	303931438	5293	0
548	615545183	1681167289	5304	0
549	1494380238	544487210	5309	0
550	-1574368395	1057559288	5315	0
551	1891429421	1457590363	5325	0
552	597668602	249664103	5341	0
553	24029409	1799587372	5353	0
554	-1564208802	1372548361	5382	0
555	-1191337132	2105280147	5409	0
556	1674026331	1243178327	5430	0
557	2088693832	72353247	5443	0
558	1848735404	768347439	5455	0
559	-1687999711	1382037355	5475	0
560	273292568	1375802525	5498	0
561	-175494625	1237856112	5529	0
562	136720019	838572509	5552	0
563	-1143013897	30277764	5562	0
564	336743220	393222250	5575	0
565	1195261748	1138269958	5590	0
566	-260996928	1172510943	5617	0
567	566461402	439052496	5643	0
568	81494347	1012849206	5666	0
569	1797821151	457261651	5679	0
570	61840253	1300125334	5692	0
571	1251539114	83866971	5713	0
572	581181065	2065848544	5737	0
573	-1465070113	1751776840	5765	0
574	439969782	29022863	5776	0
575	717988224	1440202178	5788	0
576	995999109	598451350	5805	0
577	-1532260357	1333440967	5825	0
578	1074057815	917580934	5855	0
579	426226613	1737899488	5898	0
580	-692378968	754518384	5904	0
581	-104271471	1380591505	5919	0
582	789370219	1813393131	5942	0
583	-1370447463	563664536	5959	0
584	-1131910378	1547434299	5979	0
585	1436303297	368322737	6003	0
586	1587884363	1979450611	6019	0
587	1313668948	112433983	6036	0
588	-2088444207	1522122742	6048	0
589	-1895328447	1911997636	6071	0
590	-656649043	1298855621	6092	0
591	-1123512118	1547692165	6113	0
592	1910108224	950689945	6130	0
593	190687313	457598128	6144	0
594	1970732344	172022793	6166	0
595	-408129404	610033845	6189	0
596	1741741201	1527236481	6213	0
597	-683483990	1609142603	6229	0
598	213945597	389996915	6236	0
599	-1257504711	1726498349	6256	0
600	1324183117	1806263035	6278	0
601	-1276723514	873316635	6298	0
602	-1916681909	1347275695	6326	0
603	-2105581032	545405793	6336	0
604	1315264455	1938955882	6351	0
605	-947011141	1917328670	6378	0
606	232903375	1152768068	6407	0
607	1174376498	486630493	6428	0
608	763522643	1018134732	6446	0
609	920215207	1497206163	6459	0
610	-1502627079	199111477	6466	0
611	2120469698	661900872	6487	0
612	-1518940970	2082428019	6513	0
613	1020958664	1571842053	6542	0
614	-1952343113	423721346	6560	0
615	521528509	821600704	6573	0
616	-1929189314	681269532	6593	0
617	1141003542	719915720	6617	0
618	618989712	233990849	6658	0
619	518546312	1286542622	6683	0
620	-391111524	599394458	6700	0
621	-722373999	627799960	6712	0
622	-2147225298	1773815344	6730	0
623	-997094547	2040848670	6758	0
624	-1627021778	1412079982	6784	0
625	-1188563318	847744997	6804	0
626	-765505063	1517549136	6828	0
627	2023731928	1558643560	6840	0
628	1729147403	408532649	6868	0
629	-1372497826	623442204	6897	0
630	442602040	1743021724	6936	0
631	232946274	269953276	6962	0
632	781647773	1125717431	6985	0
633	1497052255	1944092659	7005	0
634	668479956	262873982	7028	0
635	2005502408	1407289713	7070	0
636	-1493378797	1183645343	7111	0
637	395867394	1543916024	7145	0
638	684530643	1701229802	7165	0
639	172060737	377441231	7173	0
640	-1007814958	239161569	7190	0
641	-2067758355	2007985766	7214	0
642	-856055817	2019064349	7250	0
643	-1280257379	439802974	7283	0
644	-781040178	56508503	7296	0
645	-937731786	1511873460	7310	0
646	1608672276	294399141	7337	0
647	-2065691720	1725790679	7378	0
648	1268299247	540407079	7425	0
649	-1127331926	2002712063	7453	0
650	917609421	1899599727	7462	0
651	1332144916	1395429819	7476	0
652	1328540084	752057385	7496	0
653	252712500	1358093133	7519	0
654	-245967897	1393815303	7531	0
655	-1078925310	27080448	7543	0
656	1508889884	676470316	7563	0
657	1866506897	784008895	7585	0
658	-1626265846	1771374553	7619	0
659	-542324277	2103553079	7655	0
660	916861991	139340866	7697	0
661	842742928	379158360	7711	0
662	671616748	1258714811	7728	0
663	-526074628	639111856	7751	0
664	1182479189	477158228	7773	0
665	-1467888483	679735989	7782	0
666	1036367830	841085404	7789	0
667	525735008	1611732403	7810	0
668	179821979	867629741	7834	0
669	-874986015	1814663856	7871	0
670	1810499659	989068359	7897	0
671	-457557602	891483402	7917	0
672	308563423	1832742058	7962	0
673	-1824120691	1780991800	8000	0
674	-1500726932	2016994417	8038	0
675	-2042299051	797547706	8072	0
676	-996373626	1884722813	8088	0
677	-508939196	1753944581	8115	0
678	-594940943	2140013838	8144	0
679	318747190	622760605	8201	0
680	2034209600	1627843718	8225	0
681	-17517863	1977608916	8265	0
682	-1380938052	1998462876	8282	0
683	-1011777504	230730607	8301	0
684	1776946975	1008837953	8359	0
685	-1822243618	2009226531	8408	0
686	-238328167	398402019	8443	0
687	1151131235	1726118295	8463	0
688	1709202600	1640782809	8485	0
689	82320235	533698488	8505	0
690	-1791263616	836617180	8545	0
691	781094132	433150906	8588	0
692	-487293624	197680372	8606	0
693	195490368	451403576	8641	0
694	1011735137	544249559	8676	0
695	1879324064	1192287631	8701	0
696	-585001615	906614614	8749	0
697	-1230984103	1636067828	8773	0
698	910278779	1649060338	8806	0
699	349484483	603414374	8826	0
700	1893404483	406691497	8850	0
701	544086900	2058122299	8883	0
702	1939032096	1371847469	8919	0
703	2035050810	63051045	8936	0
704	1601704386	1712707420	8949	0
705	-1580944106	406152934	8971	0
706	-400668619	1127446291	9004	0
707	1138983937	1583543291	9030	0
708	-1063275090	1819746023	9061	0
709	-177031274	1167102470	9080	0
710	854818182	2010529073	9089	0
711	1329023940	662563661	9116	0
712	-1076349028	854564388	9139	0
713	1998258663	76029592	9168	0
714	-2030522625	1501277795	9192	0
715	-1323715158	1679493528	9223	0
716	-732813155	1501058301	9247	0
717	-1649795893	218356438	9268	0
718	161576766	1666787443	9304	0
719	-1376109902	1649309637	9348	0
720	-1555295158	1673062553	9386	0
721	-1586997113	1649155841	9411	0
722	1357798569	969197166	9431	0
723	1126524310	1487756575	9447	0
724	1630395226	467839242	9465	0
725	372455499	1039402697	9512	0
726	-199345560	1017523243	9544	0
727	-1173644309	11679343	9556	0
728	1346795715	912950372	9572	0
729	1447850636	1969454835	9589	0
730	1305710283	983197472	9612	0
731	1117999402	599327373	9648	0
732	-179974975	1384726655	9676	0
733	1055911204	1834575673	9681	0
734	15912837	949723074	9695	0
735	997947239	1020431954	9718	0
736	-843229181	835615751	9744	0
737	-1063820282	1558654821	9784	0
738	-680858379	1312106621	9803	0
739	-13602687	1958768121	9810	0
740	1384133175	1816275452	9838	0
741	-171538814	2018418168	9859	0
742	-1112862181	1682729191	9890	0
743	-146933813	1168861677	9935	0
744	-1333056853	1795341246	9955	0
745	-1540527384	886018581	9961	0
746	-1043227602	1455014649	9971	0
747	564224206	1834898933	9998	0
748	1964114673	510122911	10030	0
749	400541008	1488070179	10066	0
750	-1645351007	1292618432	10076	0
751	1638144383	484362455	10082	0
752	90803488	696895518	10110	0
753	946120761	1641035033	10147	0
754	895701103	251647195	10185	0
755	902195086	1441323185	10194	0
756	32840748	271841224	10199	0
757	-1137468680	266814758	10205	0
758	-412662752	77962426	10215	0
759	837723912	1058434915	10238	0
760	1298970618	273274611	10259	0
761	-712808311	1164584553	10273	0
762	768186748	1228203512	10291	0
763	-1121146010	316515392	10294	0
764	-1504536412	562846220	10311	0
765	1690797511	1717840549	10333	0
766	-1207572284	1072118075	10353	0
767	-197987236	1514421965	10359	0
768	1524299146	1901004942	10376	0
769	-1784445277	416798571	10398	0
770	-708985983	1497737710	10430	0
771	-181089451	2059910256	10488	0
772	-1514866277	841611977	10506	0
773	87899913	1994414723	10510	0
774	-973419186	2117150107	10525	0
775	-954613004	1618488672	10563	0
776	1159058130	1700657896	10606	0
777	1560209766	944195124	10654	0
778	1563550030	1617982446	10677	0
779	-236117271	2120770786	10700	0
780	-305812696	495637770	10750	0
781	-1428127385	517269446	10780	0
782	-57382382	2096619559	10811	0
783	88824748	1287464830	10841	0
784	17286953	1002409245	10846	0
785	-1116121853	1459304160	10859	0
786	752884508	1120533963	10876	0
787	514059548	951660731	10893	0
788	-64427416	714218576	10905	0
789	-974628398	1439214100	10937	0
790	1727298222	1477689165	10950	0
791	1371195340	1550062384	10959	0
792	-674804019	29618391	10977	0
793	-1096290056	827800186	10987	0
794	-2075914464	726689712	10994	0
795	-659968629	691368838	11015	0
796	-21563896	523078004	11026	0
797	-1969328232	441741056	11034	0
798	1763579686	1622678908	11044	0
799	1426927721	1943751429	11061	0
800	-517010623	1235342053	11077	0
801	1505108680	2107871953	11098	0
802	1268015980	550833537	11121	0
803	1492545831	972229464	11137	0
804	123222164	266967167	11159	0
805	-2121330184	296776629	11166	0
806	1527042707	1066127877	11182	0
807	-1099524694	95502973	11202	0
808	1286124003	1919027405	11223	0
809	-1307624337	338859668	11235	0
810	-647209862	1021976298	11242	0
811	2081378494	1918410732	11253	0
812	2071822495	1935168380	11273	0
813	-599868860	2125083018	11289	0
814	-885764873	719714200	11314	0
815	352965499	1700723134	11330	0
816	-285671031	979890884	11352	0
817	2143946952	1735651769	11372	0
818	-1727197683	1767000638	11385	0
819	467368490	113828391	11395	0
820	1201517262	1013700583	11403	0
821	1729821874	1493192178	11427	0
822	-97263584	1281269945	11443	0
823	-701138911	315392657	11457	0
824	821951447	1138995701	11476	0
825	-1396090086	1613416865	11492	0
826	353676106	1201630058	11513	0
827	-760640555	801332561	11543	0
828	598510264	444372934	11564	0
829	-601553531	174385792	11580	0
830	1654835041	841311489	11606	0
831	844076280	1758449156	11615	0
832	-610310551	1769391699	11628	0
833	782173970	825767689	11679	0
834	964907759	1059329065	11731	0
835	-2135523655	1017792506	11770	0
836	1592926257	73178678	11795	0
837	-380369775	1020475545	11836	0
838	-1881085813	2039955067	11893	0
839	927285586	1930763388	11963	0
840	194800862	619937952	12014	0
841	1483711637	513376084	12042	0
842	-1188393185	65332242	12066	0
843	1833431200	655340732	12101	0
844	1842272838	1968468240	12157	0
845	-1765185516	26635632	12206	0
846	-1692001068	1450199644	12255	0
847	2004519263	1250165732	12288	0
848	1346610988	1764265862	12338	0
849	411190244	545372154	12378	0
850	1820896647	1813123375	12428	0
851	-1716131209	1373849992	12476	0
852	-1498324527	1103170813	12507	0
853	-2075362682	1868905246	12531	0
854	2081669097	1063332117	12548	0
855	1660556099	865820518	12573	0
856	1322378061	1697952260	12609	0
857	-408748547	205720572	12640	0
858	710772527	856014579	12673	0
859	-150067585	1721564143	12681	0
860	1035002928	1499450507	12707	0
861	1710615565	2119464381	12732	0
862	1742556596	825233749	12771	0
863	528958081	1745860670	12775	0
864	-167980128	1586269766	12781	0
865	1523993064	451582732	12793	0
866	-1580325156	882883571	12829	0
867	254579196	1187665896	12849	0
868	684405556	1527050903	12871	0
869	341698507	1241555123	12876	0
870	430007339	1588449817	12892	0
871	-1004172889	1287298934	12917	0
872	-1038413020	966262775	12937	0
873	-1500904078	1432707111	12962	0
874	2114390955	123813873	12981	0
875	1046783145	1507205560	13001	0
876	1280021868	1925968607	13019	0
877	-1907003496	902367839	13037	0
878	-1766744868	1945721540	13057	0
879	1050541589	1110249872	13061	0
880	-755979560	1380292299	13081	0
881	-1119690703	1775478313	13112	0
882	798222851	1672435035	13147	0
883	1381814765	327591996	13173	0
884	-1493414808	987762270	13177	0
885	1969424038	1259154531	13186	0
886	477991848	161541857	13197	0
887	278750717	1899630977	13218	0
888	-298636509	1285019756	13240	0
889	-194278447	373993411	13250	0
890	-553072504	611960150	13263	0
891	49187294	1259682403	13274	0
892	618446974	748373111	13291	0
893	1003770320	1180654770	13308	0
894	-128539170	1776417324	13316	0
895	434550401	1352148157	13332	0
896	2071717077	1024413083	13343	0
897	1524807216	813107450	13353	0
898	1580828271	1200379382	13365	0
899	-1275120658	1915119549	13383	0
900	927308839	516613077	13394	0
901	100850291	498723517	13399	0
902	-1080445350	781759057	13416	0
903	2089595743	737008645	13433	0
904	22798600	504170258	13442	0
905	1902523819	1395834385	13459	0
906	1835858111	159672181	13477	0
907	542975765	1038425051	13486	0
908	527189058	1176614917	13495	0
909	-798115102	1256187186	13498	0
910	368944624	793839397	13502	0
911	-942752689	654764624	13508	0
912	-751548349	2010824098	13540	0
913	-2073058856	2137206270	13547	0
914	188814374	2023683675	13563	0
915	-1949434827	625894257	13573	0
916	991687772	883049520	13581	0
917	-884444232	1242931762	13594	0
918	-666784348	943062130	13606	0
919	-1069288092	1217337198	13613	0
920	-2036333894	557828023	13620	0
921	-528577444	684199328	13625	0
922	-1712115893	297202647	13644	0
923	-1552243602	943860546	13649	0
924	-521631934	1063982	13660	0
925	1439240271	409724067	13666	0
926	149225678	1995279741	13680	0
927	1577755378	212359754	13689	0
928	1116228334	1838835014	13702	0
929	-824874933	1073352695	13714	0
930	1896137103	1520485241	13739	0
931	-967938619	1135646682	13783	0
932	-811062373	1167832599	13820	0
933	-1031924791	1966518011	13867	0
934	-1109843831	420634403	13903	0
935	-1409730011	1262484229	13946	0
936	-1798147364	879533732	14008	0
937	986746721	1597184374	14068	0
938	-2052250443	1279425127	14145	0
939	1916894941	603606453	14197	0
940	1526821375	840153910	14247	0
941	1817219621	1807289321	14309	0
942	1311593434	117289994	14375	0
943	1658047381	858535246	14436	0
944	1718144914	1014410526	14501	0
945	-1165026461	1156973099	14546	0
946	-760812653	455735238	14591	0
947	-800839894	599322543	14639	0
948	767206613	335843318	14700	0
949	2005898948	1445839016	14758	0
950	-259315268	1730942387	14830	0
951	-2007956589	1024369599	14872	0
952	249517190	1479339654	14911	0
953	1325055235	421943323	14981	0
954	-462773221	673794212	15034	0
955	-748771057	2001190477	15100	0
956	-1904102527	1044114356	15164	0
957	1352512524	1294869150	15216	0
958	-1668644468	1544131331	15235	0
959	-1742747420	258299508	15250	0
960	-1116834112	925576080	15257	0
961	-1437011772	1436456635	15274	0
962	-1374078759	1842491626	15314	0
963	1721005826	1058027278	15354	0
964	-2108353770	532918031	15379	0
965	1655695264	1723866449	15397	0
966	-1361058316	2022700687	15402	0
967	-1433755382	1680842460	15425	0
968	-1337487802	854778913	15445	0
969	-472654407	1134101400	15482	0
970	-901419081	1652890844	15511	0
971	-1089050116	521318077	15529	0
972	2084380590	1337779331	15534	0
973	-482110776	718207880	15552	0
974	726022976	1734568808	15569	0
975	-745663892	1697256603	15592	0
976	1791153542	484961229	15616	0
977	-522876571	1852420404	15631	0
978	140668793	1295137900	15643	0
979	-79185711	1229570405	15666	0
980	-249163799	40938373	15674	0
981	1602203214	1188176648	15688	0
982	151862759	437240976	15717	0
983	-13162689	1428296073	15743	0
984	1329864176	1654780955	15788	0
985	-1166172794	1561882939	15824	0
986	-1871155771	1624607914	15844	0
987	1853132413	878021287	15869	0
988	-1989022356	1705733753	15884	0
989	187369668	1452233886	15915	0
990	462964097	1839942246	15959	0
991	-68407447	1152468466	15996	0
992	-1578636300	680515829	16017	0
993	1527079512	633415362	16036	0
994	296293590	48257370	16058	0
995	1947890504	1861579691	16101	0
996	925862571	1341107670	16168	0
997	771044023	1285193887	16218	0
998	-705078600	1081434233	16245	0
999	1363630118	399954821	16256	0
1000	-159876698	516773421	16275	0
1001	-485732374	2044679516	16309	0
1002	-593350780	849097142	16387	0
1003	-1176118527	2012959099	16432	0
1004	19459528	1898277117	16464	0
1005	-656309560	1620677659	16503	0
1006	-751034456	1066012064	16557	0
1007	1083568805	1209266924	16611	0
1008	687615743	987722804	16676	0
1009	-949312873	1706828252	16711	0
1010	-463189134	1926547285	16739	0
1011	1460411457	1195405658	16760	0
1012	-1545822480	567925560	16789	0
1013	239176582	150541353	16832	0
1014	-1919789391	1821555740	16877	0
1015	-73365185	1236277076	16912	0
1016	766151277	1753182705	16961	0
1017	950697562	1195840126	16988	0
1018	-1504380842	432307340	17035	0
1019	1155292847	2000922238	17080	0
1020	956885280	1137878621	17124	0
1021	1024081134	666544045	17145	0
1022	329386230	2038102030	17177	0
1023	1280255028	471185170	17214	0
1024	401168573	1526765706	17239	0
1025	-357061337	638899814	17267	0
1026	1907590880	1647233751	17291	0
1027	-370099529	261289833	17328	0
1028	519640824	1397509989	17366	0
1029	9143166	803984784	17415	0
1030	1996605534	1862683174	17466	0
1031	943666467	216028597	17497	0
1032	889958858	1916973453	17525	0
1033	-359930130	120415408	17541	0
1034	2119774027	1259451609	17576	0
1035	1481421	1087467267	17623	0
1036	1345602820	1194200415	17679	0
1037	-1861085231	9375497	17704	0
1038	2128450384	2073708992	17742	0
1039	175158596	1950660676	17779	0
1040	1818101478	908232376	17819	0
1041	557706997	550787923	17867	0
1042	1544853908	679476055	17926	0
1043	-260144383	1045233678	17940	0
1044	-1668066263	135102403	17962	0
1045	-504962498	824831391	17984	0
1046	-489711146	355633877	18006	0
1047	-1528472011	1881978192	18037	0
1048	-10375011	554576560	18066	0
1049	751868278	971504720	18108	0
1050	1628342522	2045317138	18112	0
1051	-1178612867	886386045	18132	0
1052	-1944502928	1207264411	18153	0
1053	-1400359609	425738561	18183	0
1054	-1868621764	1347231908	18218	0
1055	1271673557	1214864520	18238	0
1056	577179176	18551129	18252	0
1057	1300551050	1646911960	18277	0
1058	1211199741	785590815	18299	0
1059	424511136	864525760	18333	0
1060	1320096800	88568562	18354	0
1061	1990938175	1985882807	18392	0
1062	-205201506	574812390	18420	0
1063	-2077087784	2077024808	18460	0
1064	-2002533052	1524249920	18505	0
1065	-1204331554	2052248149	18546	0
1066	968399807	1714699323	18572	0
1067	1431160112	546821541	18608	0
1068	-1481607648	1533980728	18653	0
1069	-1644679348	662686198	18706	0
1070	190898100	1599146601	18759	0
1071	-1820452654	1664677588	18798	0
1072	946413741	1002442583	18823	0
1073	-1619788080	246764132	18883	0
1074	1820009986	1879909975	18952	0
1075	1552441093	2051249495	19002	0
1076	-1113152226	370230775	19042	0
1077	1794934151	1896859110	19067	0
1078	1847693156	774378053	19084	0
1079	1337906776	567775629	19143	0
1080	-1592511874	1530056725	19208	0
1081	-2044784105	641885408	19270	0
1082	-1190279115	87401890	19320	0
1083	-1058079771	66471504	19351	0
1084	-394243529	2027292678	19389	0
1085	1905779254	1521459536	19446	0
1086	-301208230	1883195398	19501	0
1087	-471571448	138743802	19535	0
1088	1097940025	454601549	19570	0
1089	-1511788113	377744966	19608	0
1090	-1835632951	1047888484	19650	0
1091	1374758337	506994162	19699	0
1092	-1846019499	830182733	19757	0
1093	-2051461598	1838051361	19805	0
1094	1042865478	973781909	19864	0
1095	1876977619	1324900151	19907	0
1096	974821505	1331360488	19935	0
1097	-1887030520	2065334355	19971	0
1098	-764630333	984825374	20019	0
1099	914177561	1407687166	20088	0
1100	1085365452	963357769	20131	0
1101	-2042991587	1641590209	20157	0
1102	1712761620	1724611543	20191	0
1103	-1603813126	623650738	20224	0
1104	-318310321	333574177	20283	0
1105	315949075	1894409957	20355	0
1106	-1382468702	349737594	20383	0
1107	1878554153	546465098	20401	0
1108	974306560	1737865117	20419	0
1109	-366792305	1886677807	20446	0
1110	-1898842360	305136851	20473	0
1111	-2059043191	195954267	20492	0
1112	1603084018	23515328	20505	0
1113	520240144	1932742645	20542	0
1114	1172329255	446962058	20591	0
1115	1978860375	217029184	20604	0
1116	1179079202	2007419410	20622	0
1117	-1720990208	1410847407	20632	0
1118	-168187672	712481539	20662	0
1119	-1554032634	1538143640	20691	0
1120	-1863008632	1862829589	20708	0
1121	223314934	646968615	20729	0
1122	899568232	1727569711	20736	0
1123	-1357364845	604643316	20749	0
1124	-1731789376	104157110	20777	0
1125	1815586715	888682585	20821	0
1126	-1311300077	178048340	20834	0
1127	-506031383	1960977644	20861	0
1128	1025436949	454854204	20873	0
1129	1126936640	761121107	20888	0
1130	-1040897511	302452221	20919	0
1131	655048546	1752941754	20951	0
1132	48523475	1773073297	20997	0
1133	824684854	47763324	21035	0
1134	-1001522073	72575970	21068	0
1135	-1169927954	910607409	21102	0
1136	-1088196740	177689066	21136	0
1137	2098359006	2061627831	21180	0
1138	-263973452	705903384	21212	0
1139	557597026	874907099	21247	0
1140	-1287815154	829813595	21300	0
1141	1992333086	1347695146	21340	0
1142	-2027908330	217722933	21399	0
1143	634283507	765362715	21446	0
1144	-78228486	1918455415	21474	0
1145	-1468653181	12447306	21514	0
1146	1682441491	2035973146	21561	0
1147	-548477298	72095480	21594	0
1148	1876362138	1575403484	21624	0
1149	1471867542	13610482	21665	0
1150	1520146161	1129433009	21688	0
1151	-1133799451	1177710582	21727	0
1152	-672572761	835391460	21761	0
1153	-1746519266	2050002669	21820	0
1154	1562169016	1118021367	21863	0
1155	-1858088256	1641476586	21907	0
1156	-1790644314	1817410044	21941	0
1157	1898471214	1823907858	21981	0
1158	1282084388	1995300714	22014	0
1159	-508226780	1443142877	22068	0
1160	1599744179	1502714041	22119	0
1161	1524569879	1224332303	22157	0
1162	583228127	2077376279	22187	0
1163	1286385713	1809821129	22215	0
1164	239555387	459627811	22254	0
1165	-616701105	1308380529	22283	0
1166	-1431232827	1842494932	22335	0
1167	-1894443360	103270265	22384	0
1168	-622866384	1526498337	22426	0
1169	-342050360	896933473	22455	0
1170	-668069629	815449223	22494	0
1171	-787390171	1617414053	22525	0
1172	1613236197	1207730671	22579	0
1173	-1743655902	249311653	22637	0
1174	211590169	72237953	22682	0
1175	692268270	947819664	22728	0
1176	247305246	1263556509	22756	0
1177	-826901245	1822726548	22780	0
1178	435106491	1557517562	22817	0
1179	2028691079	352044396	22856	0
1180	-1795691729	2124342250	22887	0
1181	790658219	233730855	22909	0
1182	910791591	1456985783	22931	0
1183	-594699586	372926924	22946	0
1184	-567004853	61231997	22968	0
1185	1086321011	519622849	23000	0
1186	-2061743933	2067133450	23024	0
1187	-288512033	973472580	23052	0
1188	2127652746	994404520	23115	0
1189	1811659522	687313017	23171	0
1190	-1015358141	919487025	23214	0
1191	-1810079906	195357722	23245	0
1192	-2004858924	1671390619	23281	0
1193	-1910479878	917642482	23321	0
1194	-1912438317	1106074426	23366	0
1195	-706762868	1240609410	23414	0
1196	633649006	1832942359	23492	0
1197	1297213860	216487132	23553	0
1198	-1033291829	493063829	23622	0
1199	-1767751259	665594471	23683	0
1200	-905847138	229967286	23760	0
1201	-1719939048	278105439	23827	0
1202	-1922105209	1336499320	23865	0
1203	458746787	528534753	23934	0
1204	504277395	744763963	24001	0
1205	-1559832706	108865966	24077	0
1206	928177005	1142847730	24138	0
1207	39743389	1063005427	24185	0
1208	1126266240	1491096961	24210	0
1209	-1434606731	272068983	24275	0
1210	-1138729268	1331426559	24332	0
1211	-217024681	851130149	24365	0
1212	-1398984275	1181554492	24401	0
1213	-1914942006	978000231	24445	0
1214	929613590	641162384	24472	0
1215	-1624217956	204998264	24532	0
1216	-1649481050	1526852892	24591	0
1217	1553318305	298113560	24640	0
1218	-319696744	2145466499	24679	0
1219	959547936	784036831	24722	0
1220	-1177118838	41063686	24772	0
1221	-1123780312	2005441556	24823	0
1222	816493957	893142210	24879	0
1223	922120374	137796066	24910	0
1224	-1425346896	1786304025	24951	0
1225	-1761220742	1891031941	24996	0
1226	2146749249	825758962	25059	0
1227	-853347523	1017096228	25128	0
1228	-543596844	412530190	25174	0
1229	-1474809754	1730253969	25212	0
1230	-329550735	1792638770	25255	0
1231	-84432312	64123961	25318	0
1232	2084052794	1259619420	25383	0
1233	1184697592	1366239740	25439	0
1234	526309181	1432007880	25471	0
1235	-390131989	1831609025	25504	0
1236	1316706305	315234388	25564	0
1237	1295662958	181495668	25615	0
1238	-7721067	466532348	25679	0
1239	1447286102	1785554811	25725	0
1240	1541325977	100103343	25756	0
1241	1749193759	2107036933	25790	0
1242	-633183567	68566870	25815	0
1243	606944150	1608285405	25840	0
1244	381620959	648747166	25860	0
1245	-1036172040	1098391852	25887	0
1246	-1987684424	1452872539	25914	0
1247	1911134804	2098193538	25964	0
1248	-90379097	288662305	26023	0
1249	-1520105388	817784713	26068	0
1250	-1303109070	1384849248	26105	0
1251	1379022509	707897742	26134	0
1252	-926614749	165737968	26187	0
1253	1510560800	1148500809	26254	0
1254	-1279487429	1328194834	26314	0
1255	-1778500116	2046500267	26342	0
1256	-1158952367	435714364	26358	0
1257	2102837727	2070627319	26384	0
1258	-1178021286	2002233363	26438	0
1259	1381270522	393654338	26520	0
1260	-817888685	393870634	26567	0
1261	813391274	1370278597	26583	0
1262	-1557634188	1360671932	26598	0
1263	-1153075537	1675597443	26626	0
1264	-673185118	1597036998	26676	0
1265	1140779499	1443163599	26726	0
1266	-12725357	893978553	26767	0
1267	-1537197547	1061311024	26791	0
1268	-977448036	828596863	26798	0
1269	-18352661	1197574973	26847	0
1270	-78295896	1489609605	26890	0
1271	-1926391208	17011206	26928	0
1272	-670061432	1865427193	26950	0
1273	1662333891	105492574	26969	0
1274	-1649877957	1575073134	26980	0
1275	-1898710873	1144808708	27012	0
1276	2091674947	449250321	27051	0
1277	-1752397804	1726866075	27082	0
1278	1229819514	187116474	27106	0
1279	-1371740092	417617130	27115	0
1280	1291478852	2044152792	27144	0
1281	-831946828	493066440	27175	0
1282	39211858	117662225	27222	0
1283	-2041769751	2026864516	27237	0
1284	913203662	2048728772	27243	0
1285	873514389	385165446	27249	0
1286	1414826269	675836008	27279	0
1287	-1229661927	1482809268	27312	0
1288	-2138686758	655398689	27331	0
1289	2062869206	2097751778	27336	0
1290	1665263674	721681002	27344	0
1291	1634792899	1140151497	27356	0
1292	1337944547	1305881685	27385	0
1293	-1458930822	1362023044	27413	0
1294	-1016429868	948754648	27450	0
1295	993794240	373465099	27468	0
1296	938648037	1180935892	27478	0
1297	-1601969413	1929193394	27504	0
1298	1722087627	150293281	27541	0
1299	1807232683	168743219	27584	0
1300	2126486610	1736177894	27613	0
1301	579336838	1362234627	27644	0
1302	-1479884357	1207072813	27669	0
1303	-2013112674	128534494	27711	0
1304	-1373655948	1369401562	27759	0
1305	-462676406	400221457	27802	0
1306	944922733	872445775	27819	0
1307	517384033	232710402	27848	0
1308	2120362770	1486674304	27893	0
1309	-307002350	1029839374	27925	0
1310	-1684429813	1063717837	27949	0
1311	-1252100009	1632441465	27984	0
1312	-1544120670	1649358564	28008	0
1313	2081046470	940694800	28018	0
1314	-254029825	1424627033	28035	0
1315	1725377571	1957805332	28070	0
1316	407904729	1958374939	28109	0
1317	855258234	449444737	28137	0
1318	-115455024	2056093822	28161	0
1319	1789326458	1182324118	28182	0
1320	122360742	1551334097	28203	0
1321	-11728878	1458536673	28216	0
1322	-163431542	1494497789	28235	0
1323	-245419873	1145688116	28253	0
1324	1482620963	926826696	28259	0
1325	1237560130	602021067	28274	0
1326	-882058494	1466332493	28293	0
1327	-755622652	151853930	28314	0
1328	485946081	899823824	28319	0
1329	1602654691	1288858278	28326	0
1330	1591936169	1896739593	28347	0
1331	293764288	627877247	28369	0
1332	2133671878	1795786098	28384	0
1333	1709969137	1740829307	28398	0
1334	-594873976	464209659	28414	0
1335	1702333553	1603124677	28425	0
1336	-195513338	594664545	28445	0
1337	-1313052821	2014913790	28472	0
1338	-677932985	42263106	28516	0
1339	752880417	144016427	28538	0
1340	2050558186	1620964763	28573	0
1341	-2002584251	1379157966	28609	0
1342	1897335329	366112080	28625	0
1343	1953081638	1565130403	28662	0
1344	-1912731327	1016240273	28721	0
1345	-185310713	1032747386	28781	0
1346	1480971149	156346447	28835	0
1347	-445095140	74345333	28854	0
1348	679592400	1164189994	28875	0
1349	617502283	167948631	28895	0
1350	-1838483143	1010469322	28940	0
1351	310688554	1402329973	28991	0
1352	1514116315	986137910	29027	0
1353	-1072448695	1251216769	29039	0
1354	-1932965177	1737191415	29051	0
1355	-371149684	970276968	29089	0
1356	-1662358225	211711619	29128	0
1357	-1079169562	1221316106	29160	0
1358	1795961592	1673876994	29180	0
1359	-623404120	2134100417	29197	0
1360	-94321365	1688479822	29218	0
1361	-360875223	1718530561	29264	0
1362	-869555603	641989199	29303	0
1363	1166343261	533106779	29323	0
1364	-1846065783	1121867255	29331	0
1365	-2089450162	1928674526	29350	0
1366	-1255129839	572590475	29385	0
1367	-221825994	655021927	29418	0
1368	-1163648203	1488610575	29439	0
1369	-660817835	304592335	29445	0
1370	-1400247825	1543242322	29456	0
1371	2012295611	120915406	29486	0
1372	529163564	1115288480	29512	0
1373	-665831804	2039238274	29558	0
1374	1858259886	624263716	29564	0
1375	1504970359	140635149	29571	0
1376	402539658	779028648	29588	0
1377	-699055463	652637073	29618	0
1378	-2105655874	596280548	29639	0
1379	528872213	1794247850	29647	0
1380	780047221	1899156183	29665	0
1381	38157159	1902889196	29671	0
1382	1656063202	602389750	29686	0
1383	-1633598868	799039432	29706	0
1384	1002842450	940262237	29734	0
1385	-497974131	404179838	29751	0
1386	1850587733	1507420186	29775	0
1387	486945394	350027536	29807	0
1388	1278040388	2026376906	29827	0
1389	204302806	369088830	29845	0
1390	-1543033763	729060379	29865	0
1391	827083688	340008293	29883	0
1392	822467785	460994950	29898	0
1393	-1957935290	1499163712	29910	0
1394	-412657646	1133057740	29918	0
1395	627158285	1469387980	29934	0
1396	-1153388923	304754350	29950	0
1397	-620670225	1593080083	29975	0
1398	-1201546127	353826975	29993	0
1399	382633910	902926157	30013	0
1400	-1777426274	1391813722	30038	0
1401	217678276	1900309945	30052	0
1402	983812517	1031492185	30080	0
1403	-93130214	1115716951	30109	0
1404	-814264002	1536310265	30125	0
1405	-1574386537	1418396386	30138	0
1406	-576664204	1594177969	30172	0
1407	700524453	1975981201	30193	0
1408	-1609299063	177732989	30226	0
1409	153410385	378560924	30249	0
1410	-1287647250	913818539	30276	0
1411	-565773269	1063716114	30283	0
1412	5125412	1820854969	30310	0
1413	1917089137	61875850	30331	0
1414	-416627451	281195107	30360	0
1415	-208410275	1579815968	30378	0
1416	845308192	315645953	30390	0
1417	108311018	918059163	30400	0
1418	1302101057	1866244891	30417	0
1419	1183184370	1769656009	30438	0
1420	-1505392281	718065469	30459	0
1421	-864246417	1908206572	30476	0
1422	-20529684	465373006	30489	0
1423	1688345369	2033247808	30511	0
1424	1793506965	1651222890	30534	0
1425	1108898382	1273294582	30551	0
1426	813463285	1623427084	30561	0
1427	1289154543	829704876	30581	0
1428	-1545544787	1539776467	30613	0
1429	-555026383	1110568659	30641	0
1430	538846357	518878353	30661	0
1431	1380179138	836141749	30689	0
1432	2099137412	773878208	30714	0
1433	-1979358671	1509493941	30733	0
1434	-887625186	354315791	30769	0
1435	1768191304	700669328	30790	0
1436	-385056196	2052863823	30805	0
1437	1200493277	645901511	30832	0
1438	-1984223689	865362173	30851	0
1439	1953456248	1606474782	30860	0
1440	-2104158289	437603567	30898	0
1441	822312760	1984964177	30908	0
1442	295969262	1802470230	30911	0
1443	1395122044	281337345	30923	0
1444	1298363908	1029923152	30938	0
1445	1893307363	912612796	30947	0
1446	1171760011	957023987	30982	0
1447	675398354	794177905	31000	0
1448	1965551665	945909275	31004	0
1449	1145977058	1330203341	31024	0
1450	1286292996	833188242	31065	0
1451	210372602	1129012552	31084	0
1452	1669613312	279785185	31125	0
1453	352810410	669523210	31145	0
1454	-2059033234	1832865858	31154	0
1455	1418547321	461075526	31178	0
1456	1557591030	1584358825	31205	0
1457	1776001692	1365719286	31230	0
1458	-1799317467	2139595875	31286	0
1459	-822135493	164791751	31292	0
1460	1571828098	1263114551	31309	0
1461	650041450	1788773051	31322	0
1462	-804141249	1101587572	31337	0
1463	-1863002137	415350805	31357	0
1464	-216632371	234101563	31410	0
1465	470382469	717819552	31439	0
1466	1111850488	575563249	31456	0
1467	1457851874	1525863004	31486	0
1468	-1315318380	1329696139	31508	0
1469	1491666464	702498399	31537	0
1470	-349554993	1991175691	31598	0
1471	-1901524780	1316260996	31640	0
1472	222764080	1137729620	31663	0
1473	-656115851	1126506042	31682	0
1474	494057495	1069463323	31690	0
1475	1889578350	1305262556	31708	0
1476	-551824579	63715597	31762	0
1477	1686445917	1249969138	31811	0
1478	-424332622	307389211	31830	0
1479	-170808073	2059551698	31848	0
1480	721895047	848719543	31871	0
1481	175634298	1045335668	31902	0
1482	98174878	1874735914	31945	0
1483	-1596581718	485351177	31992	0
1484	-755928423	1054750671	32028	0
1485	142288303	1135262141	32044	0
1486	-255094232	655179198	32071	0
1487	-1831536755	919395934	32112	0
1488	-304214778	2006879982	32173	0
1489	835434014	648498423	32208	0
1490	2064630017	1493886146	32249	0
1491	1877021537	1715421886	32278	0
1492	-1415423312	1468278572	32317	0
1493	-461144702	1656053800	32363	0
1494	-270255065	1616280163	32424	0
1495	-58574605	1953497202	32465	0
1496	1143821019	1075152177	32489	0
1497	334350762	1303606734	32535	0
1498	1647387819	14777900	32575	0
1499	-1839450838	1814142964	32619	0
1500	-842630853	522303834	32671	0
1501	924328234	1979116076	32721	0
1502	-867532017	160269865	32745	0
1503	415590846	1884208834	32786	0
1504	575070618	1676578978	32836	0
1505	-356970058	1645465299	32893	0
1506	-1042310100	1421108069	32946	0
1507	-537704139	1882362163	32981	0
1508	-681323308	698701217	33011	0
1509	-1479735964	1091184748	33040	0
1510	2111389658	1366732537	33089	0
1511	-1255557046	1298806005	33151	0
1512	-1622955863	1433261990	33203	0
1513	-1078319531	1251074364	33233	0
1514	1514473852	813331205	33254	0
1515	-345755739	274734192	33273	0
1516	163954271	1891137691	33339	0
1517	-1945582322	1667576891	33400	0
1518	928335280	983168247	33457	0
1519	975322408	410569244	33481	0
1520	1339482810	1630585971	33502	0
1521	2143394858	1874840570	33543	0
1522	1755366641	1678387944	33598	0
1523	1112273387	922775512	33658	0
1524	1079955165	494861160	33715	0
1525	780561598	1000868403	33747	0
1526	-1566694648	816431330	33777	0
1527	2061703669	1067996729	33802	0
1528	-1409026098	12330789	33826	0
1529	-1005347754	1235889788	33860	0
1530	2052300649	565145312	33873	0
1531	1868149084	1450944235	33897	0
1532	-1158937077	2008017101	33922	0
1533	-234932617	545896301	33956	0
1534	-1033693794	2143456426	33978	0
1535	-1678034462	1909116177	34003	0
1536	706889300	1295454141	34018	0
1537	-791567793	1684275562	34034	0
1538	1880039888	569152355	34062	0
1539	-1171100382	410606530	34084	0
1540	1876878169	394159892	34127	0
1541	1427305573	423476472	34146	0
1542	-1948089706	2028146363	34174	0
1543	59457096	763345716	34192	0
1544	214863493	403804552	34222	0
1545	1912751509	658727535	34238	0
1546	1914171865	1185924307	34254	0
1547	1946583189	1943922128	34283	0
1548	-952763875	1991794747	34316	0
1549	-97079873	48830511	34338	0
1550	-736172661	1699668505	34360	0
1551	998155694	51349831	34391	0
1552	-406743194	1235641369	34403	0
1553	-1272235899	586877470	34412	0
1554	121436822	1978656929	34440	0
1555	-1497194213	863139446	34470	0
1556	-1663330919	228528049	34498	0
1557	-2043974796	737843111	34520	0
1558	-1510290028	243284386	34527	0
1559	-2030374587	1077114360	34562	0
1560	1933012340	1585245115	34594	0
1561	102186036	1714026878	34633	0
1562	261617913	1677684748	34677	0
1563	-115659265	1215468404	34716	0
1564	1445003079	270033892	34747	0
1565	-272644844	478481370	34786	0
1566	-1621409989	1848009508	34813	0
1567	-386771459	583816595	34852	0
1568	-750451527	291097170	34881	0
1569	-1309440607	373678206	34907	0
1570	-511920493	444782776	34941	0
1571	-166892156	1868387887	34961	0
1572	597076230	1545385497	34969	0
1573	1086798016	862721561	34990	0
1574	1664036736	1652098046	35021	0
1575	936353446	2126934655	35047	0
1576	791106080	2024481885	35068	0
1577	346372911	844131660	35075	0
1578	1732895970	995806441	35081	0
1579	-1248751953	1158437051	35088	0
1580	-1788086426	1425263216	35119	0
1581	-18567497	1970470747	35145	0
1582	884705568	523688205	35163	0
1583	-1840679590	148169153	35173	0
1584	1094004620	1137521323	35218	0
1585	-1537084684	1564139239	35270	0
1586	-1255227479	1076347364	35302	0
1587	-552406337	1279315619	35334	0
1588	-753776040	1385154965	35353	0
1589	-521456517	1709136851	35367	0
1590	1565378700	765826824	35392	0
1591	260058622	1230707732	35410	0
1592	-279073950	1669397157	35429	0
1593	-29949711	1290305445	35448	0
1594	2017353328	1810612142	35484	0
1595	1894648064	1308416134	35505	0
1596	313032616	800851001	35518	0
1597	-1269554979	1952382545	35543	0
1598	248603191	364791248	35574	0
1599	-1965446619	1647350127	35599	0
1600	816716815	100527192	35619	0
1601	817698453	137906940	35658	0
1602	1085018371	797120061	35675	0
1603	-363107158	1971067459	35695	0
1604	540001864	869335896	35731	0
1605	-1802581243	1035465486	35748	0
1606	1642816577	697702085	35767	0
1607	-596307344	1309598843	35809	0
1608	332771955	872372607	35830	0
1609	1835810108	1321471559	35849	0
1610	1750472620	265449854	35872	0
1611	-1959026165	522348234	35888	0
1612	-1971240979	937662891	35916	0
1613	567503865	150825434	35935	0
1614	1528093137	750466827	35978	0
1615	-805251744	2033105099	35998	0
1616	-68990446	176851100	36029	0
1617	54261526	1606414528	36069	0
1618	1709482655	153042992	36102	0
1619	1772613551	1434777920	36119	0
1620	-1243122976	958993065	36142	0
1621	-1475305480	161100420	36190	0
1622	418484712	1098118355	36237	0
1623	1932257915	1139216139	36280	0
1624	-1044415076	358777974	36303	0
1625	2051132583	547354672	36323	0
1626	-2040112076	1449889415	36374	0
1627	-808936302	527407641	36426	0
1628	-510009696	1986480933	36475	0
1629	-977196823	1849847823	36501	0
1630	-24720567	2011800990	36514	0
1631	-1289254585	1139868820	36544	0
1632	-1817618480	484570865	36577	0
1633	-17266701	2057422598	36617	0
1634	-609215558	1187716801	36646	0
1635	162794687	1137863592	36673	0
1636	-1661617523	1755724853	36691	0
1637	1966601804	1822138697	36726	0
1638	-249784740	749260237	36758	0
1639	663300957	1536946195	36794	0
1640	-851637779	140851678	36822	0
1641	860394446	1752762857	36846	0
1642	573569589	775966511	36885	0
1643	526203027	278206172	36918	0
1644	-440556402	666480823	36946	0
1645	-1417887830	1229547265	36971	0
1646	1466588712	479909443	37002	0
1647	807355037	1915978242	37046	0
1648	395902379	1343733047	37097	0
1649	-1080567895	49131961	37136	0
1650	-521556352	1087890094	37166	0
1651	-1879260774	775823615	37178	0
1652	1527685624	1599940870	37184	0
1653	2018511557	2011340318	37206	0
1654	-1550350416	2069951264	37237	0
1655	1290412578	53670107	37266	0
1656	614032021	1408293460	37276	0
1657	1931330004	1915838267	37278	0
1658	1951992843	784587752	37289	0
1659	2140925914	1418546951	37321	0
1660	1194480759	1611942261	37349	0
1661	1647020535	1807849774	37366	0
1662	-1892833994	1593201811	37382	0
1663	-1670376099	1582800992	37385	0
1664	1632990327	867931871	37400	0
1665	1693290263	842904217	37415	0
1666	-1435159174	536678175	37429	0
1667	306896283	1022463376	37442	0
1668	783002652	1468280955	37446	0
1669	-1407088863	1291459384	37458	0
1670	965493712	1055326141	37487	0
1671	1236355189	1559427017	37516	0
1672	-1453474015	392694862	37542	0
1673	-1202519774	601292547	37555	0
1674	1712135103	155528141	37566	0
1675	-1803515277	1029463771	37580	0
1676	880741110	784538347	37623	0
1677	1722203666	1757154364	37672	0
1678	416008435	990674979	37710	0
1679	1859779946	394357308	37731	0
1680	-31996238	291801319	37752	0
1681	453438525	1720373038	37790	0
1682	642104237	1797271948	37839	0
1683	-289110821	529067871	37876	0
1684	1046447305	1230943652	37912	0
1685	-1444213368	193073223	37917	0
1686	-1814509769	1901711266	37942	0
1687	2145140858	1527369129	37985	0
1688	-1241946824	2067588016	38028	0
1689	-1961008362	16250049	38061	0
1690	1291526192	145406130	38082	0
1691	1731249737	1920069723	38092	0
1692	683189350	1290418900	38113	0
1693	-610056757	802643424	38149	0
1694	1477834538	1503206260	38198	0
1695	499664436	809468132	38227	0
1696	938370656	852876998	38252	0
1697	-1720532229	1288426286	38281	0
1698	-894570950	1007947631	38325	0
1699	341874991	638385587	38372	0
1700	1852898919	1642838500	38405	0
1701	-57328598	972204629	38432	0
1702	1117690859	1304978149	38464	0
1703	-1229600565	1319425535	38509	0
1704	1459455249	1567033640	38558	0
1705	1232464543	657235411	38583	0
1706	-431743198	875782621	38606	0
1707	-287981124	1293720329	38631	0
1708	-1686767646	32003112	38683	0
1709	-34032512	1509404486	38747	0
1710	-895318947	722730178	38798	0
1711	270583676	1665036163	38816	0
1712	-111258532	1872648734	38840	0
1713	-569508534	1358410126	38871	0
1714	-1078649024	1627960469	38918	0
1715	709472269	1795572004	38977	0
1716	366979878	983171402	39012	0
1717	1486665556	1383839350	39036	0
1718	-1895729662	2126334933	39057	0
1719	483107384	1898974168	39087	0
1720	290130379	1671570093	39123	0
1721	2092845211	574325809	39144	0
1722	-1161793752	1155785862	39160	0
1723	-1826931096	324558645	39184	0
1724	2064359166	24394308	39203	0
1725	-1636108427	1235646791	39210	0
1726	-1318708422	767233408	39228	0
1727	1536977595	723436904	39269	0
1728	-1678022398	597544801	39292	0
1729	1139647547	1067571555	39317	0
1730	-822064972	76852155	39340	0
1731	-931258523	710971791	39360	0
1732	-595877864	1962111864	39386	0
1733	1398301787	264351847	39412	0
1734	533204139	573143966	39437	0
1735	-2046636048	1857042771	39453	0
1736	1950486657	1063711681	39466	0
1737	1871341732	1463098534	39481	0
1738	1635704260	1541806952	39502	0
1739	753064180	1359471420	39510	0
1740	1816695013	1910665607	39527	0
1741	-1882006555	125119933	39551	0
1742	-478577986	1783479894	39557	0
1743	-310459942	2039604157	39559	0
1744	1378686686	311310279	39577	0
1745	403953453	118005230	39594	0
1746	-1332171909	545718789	39611	0
1747	205346589	1898052439	39622	0
1748	-103366203	1467362060	39625	0
1749	792214009	199263765	39631	0
1750	951265695	623276823	39657	0
1751	-254945311	1412440513	39669	0
1752	-1154984995	1375816204	39672	0
1753	1388175550	1721874898	39673	0
1754	-133669802	391176047	39685	0
1755	1909274592	1839250396	39713	0
1756	-1444951870	985240990	39743	0
1757	282014441	1885307022	39762	0
1758	668451190	1634967762	39773	0
1759	-472704807	961086483	39779	0
1760	-701826520	346909749	39793	0
1761	-879087823	170311122	39824	0
1762	-61512046	1691931570	39862	0
1763	1183962793	1478930760	39882	0
1764	120769300	235276563	39892	0
1765	-208318897	796841157	39907	0
1766	1878591688	1703002274	39927	0
1767	-922478109	20995768	39944	0
1768	-1088665793	216102295	39967	0
1769	-1403692539	1071733666	39985	0
1770	77450721	2000615822	40011	0
1771	-371383091	291231908	40055	0
1772	1252959536	795525479	40096	0
1773	2122266868	1488111858	40141	0
1774	-733051963	4424367	40166	0
1775	1557579675	1103269213	40179	0
1776	706819395	339149821	40207	0
1777	828120193	1246864356	40240	0
1778	2140667689	1893963295	40269	0
1779	1900188425	1146401610	40308	0
1780	1009953627	144403311	40336	0
1781	2098434910	174943582	40381	0
1782	954680110	1238916837	40413	0
1783	-384071895	598769837	40445	0
1784	1185508756	1929416273	40487	0
1785	-1956246320	1884920673	40524	0
1786	-1426611773	1837792813	40558	0
1787	159637683	2031134506	40590	0
1788	1730157427	30999075	40614	0
1789	-1147445731	1511629542	40654	0
1790	2131938539	1571172408	40691	0
1791	1211656580	1066151697	40730	0
1792	-603901493	1053253100	40766	0
1793	545637219	1040288559	40802	0
1794	12494622	507077697	40843	0
1795	1115910304	66145535	40880	0
1796	1989934488	1344431649	40938	0
1797	886365230	1165850722	40967	0
1798	2041217968	286456182	41002	0
1799	1645265628	433058647	41041	0
1800	-1849010249	1878655643	41063	0
1801	1927875148	1997067904	41102	0
1802	-717311687	1300598283	41130	0
1803	-1085343348	346617117	41159	0
1804	-228271733	1140285047	41177	0
1805	1587821498	1295852557	41205	0
1806	-1028745622	31818395	41244	0
1807	-1746098873	1567520383	41310	0
1808	-968604916	450742419	41350	0
1809	-21232204	1210453002	41373	0
1810	-284590567	613342763	41406	0
1811	266424530	1601903327	41445	0
1812	-1142660610	123421184	41486	0
1813	1517656165	72531461	41551	0
1814	1686836714	610668074	41583	0
1815	1793489578	664560089	41614	0
1816	1946753251	1191702475	41643	0
1817	-1934932705	640259333	41688	0
1818	664385232	2066557025	41736	0
1819	-1514081492	1257983870	41792	0
1820	1687420821	1440886770	41815	0
1821	308267744	712297985	41847	0
1822	-1684595261	309106619	41891	0
1823	-1187772519	840972165	41928	0
1824	-818192960	395351654	41988	0
1825	-929337332	683543777	42035	0
1826	1301326913	1340641402	42050	0
1827	837593756	1641141224	42069	0
1828	-585217445	473383670	42104	0
1829	1711167000	2070958027	42130	0
1830	70313728	1889169578	42166	0
1831	439760781	767697891	42193	0
1832	16364141	1092224985	42208	0
1833	1196086034	278700657	42235	0
1834	1889829506	503513140	42258	0
1835	614778764	957963982	42263	0
1836	-348525768	421559672	42281	0
1837	1931916932	1808803542	42300	0
1838	-655179336	1496521957	42305	0
1839	-37911601	218733650	42311	0
1840	1345430883	2029210231	42317	0
1841	-482320714	585844136	42328	0
1842	231885307	1093596791	42345	0
1843	178436709	1214311658	42360	0
1844	-6869425	526946476	42380	0
1845	333769476	509506764	42399	0
1846	1557197247	1639771360	42407	0
1847	251198138	441243035	42428	0
1848	674534419	1264743961	42447	0
1849	902561790	1059840639	42461	0
1850	-2127044132	1641493022	42478	0
1851	716167148	376588583	42481	0
1852	-446422796	687301482	42486	0
1853	-881266393	1026579844	42504	0
1854	-757552596	708148948	42523	0
1855	135815905	620044245	42538	0
1856	1805870848	1724138142	42548	0
1857	-1176127500	1884407782	42555	0
1858	503447206	494418416	42571	0
1859	-426432191	973137735	42588	0
1860	632445987	1795448247	42606	0
1861	-476392825	797659241	42624	0
1862	-406191370	838927077	42628	0
1863	270002321	838927077	42628	0
1864	-1868848484	856291989	42643	0
1865	2114886194	1044183012	42669	0
1866	-1549375678	1507890772	42684	0
1867	-1955721460	890105330	42694	0
1868	-1817940082	242187093	42704	0
1869	2059580200	1213906027	42715	0
1870	-341210725	339986891	42734	0
1871	1419072976	2038207717	42756	0
1872	2104077790	2101954518	42769	0
1873	278651421	1087923213	42783	0
1874	-1046944767	278197905	42784	0
1875	-993925683	1375337341	42804	0
1876	-1524853170	1429635338	42841	0
1877	-1304677632	781635774	42854	0
1878	-1248366098	979363577	42861	0
1879	-652008545	1371976719	42869	0
1880	215222363	637856173	42889	0
1881	1297422233	911912653	42917	0
1882	1087389173	521865575	42958	0
1883	-1598391824	428136519	42965	0
1884	-1837929671	408187075	42979	0
1885	-1785755212	584710332	42989	0
1886	-791091170	1955165001	43009	0
1887	-652513638	1673039429	43045	0
1888	57609548	334287038	43074	0
1889	-832921943	616332807	43083	0
1890	-2008353568	422558827	43090	0
1891	1367180901	1206103839	43104	0
1892	477515715	347037123	43133	0
1893	1311155307	1927161774	43165	0
1894	-583338648	592315871	43189	0
1895	-718556592	472456326	43202	0
1896	-1650177284	2144276746	43216	0
1897	-1239859298	2100435192	43245	0
1898	-1542727480	1995682460	43276	0
1899	-1918006997	799106141	43292	0
1900	1749622599	1113140070	43303	0
1901	921463246	279859206	43323	0
1902	1245765817	780197608	43342	0
1903	-1935315822	764534026	43370	0
1904	1424925072	460920660	43398	0
1905	1845661781	1529927455	43420	0
1906	-2086435506	631848835	43432	0
1907	-1686295690	112403788	43445	0
1908	-199233279	104485761	43469	0
1909	-2105404339	2010364048	43499	0
1910	-2092982852	1807017479	43522	0
1911	216277317	465373227	43542	0
1912	1049081468	1239593067	43549	0
1913	677654721	516260194	43567	0
1914	414620800	176117907	43598	0
1915	514746358	1891078093	43625	0
1916	1264979087	322797487	43651	0
1917	811710552	697529753	43658	0
1918	35143467	1171469122	43673	0
1919	641901319	575565394	43695	0
1920	-320411178	126333598	43723	0
1921	1031665472	1245449766	43748	0
1922	-27603396	455549398	43763	0
1923	698797895	1995741435	43770	0
1924	-139439363	1304462545	43784	0
1925	-1175452986	461518490	43813	0
1926	144766595	393352973	43858	0
1927	835325808	203071595	43886	0
1928	-590280704	615925350	43898	0
1929	2139284115	1365907729	43905	0
1930	1621504844	1662925318	43924	0
1931	-956665360	1051196179	43950	0
1932	-406830350	1358048280	43969	0
1933	-1917243743	52010748	43974	0
1934	-2117716312	740980851	43976	0
1935	-1114617034	417087598	43997	0
1936	-1400758092	722000588	44014	0
1937	-1959149369	1642800409	44033	0
1938	-1189223112	1262374143	44048	0
1939	1210073921	166760380	44050	0
1940	-1533734129	2073054574	44066	0
1941	-594433425	1216495016	44081	0
1942	-121941916	163918612	44100	0
1943	1054224724	901511428	44113	0
1944	1472916047	378017679	44117	0
1945	812990043	439441221	44121	0
1946	-2125305820	1934859050	44142	0
1947	-366767832	1599329095	44161	0
1948	-143760718	13653081	44185	0
1949	1852984271	1860328163	44196	0
1950	-720715382	1826738790	44203	0
1951	1487811647	1175321630	44217	0
1952	1318736163	319958943	44222	0
1953	1238329425	293918485	44225	0
1954	1537436557	809274928	44228	0
1955	869371756	1958415377	44229	0
1956	570587349	1977760461	44231	0
1957	219850450	883907321	44237	0
1958	449707526	1432837019	44240	0
1959	2013649678	586027778	44255	0
1960	1443543393	393723978	44258	0
1961	1809591640	793738893	44263	0
1962	-1553131459	295874355	44264	0
1963	1737577108	1562366669	44268	0
1964	866047676	746576375	44272	0
1965	-305666430	909479933	44281	0
1966	28218290	720864012	44287	0
1967	1032136807	1847137433	44291	0
1968	1998006708	60030240	44292	0
1969	233381056	775570697	44305	0
1970	134867826	129595499	44316	0
1971	1702791387	2070243974	44317	0
1972	82971640	570072744	44319	0
1973	266055666	532349749	44323	0
1974	-671446061	977124583	44325	0
1975	-1164546517	600583322	44334	0
1976	-917681563	1516714057	44339	0
1977	1286195634	1683786682	44341	0
1978	1614177396	197279501	44348	0
1979	-1322374325	1624600139	44360	0
1980	1895557398	464964325	44383	0
1981	1935743739	2062762678	44393	0
1982	-636758887	1647595013	44397	0
1983	-1443539401	702535633	44403	0
1984	-1967432067	613651731	44407	0
1985	-1959238221	1740120162	44412	0
1986	-1793242947	877076784	44421	0
1987	-605094753	829840890	44443	0
1988	455717867	1705849822	44462	0
1989	371792946	1662182369	44465	0
1990	-1723963407	2085321811	44469	0
1991	-1021428898	1498047699	44493	0
1992	-1388414553	1386747161	44509	0
1993	-312732308	996844019	44529	0
1994	-1245328142	411059847	44548	0
1995	-565486516	1468090907	44554	0
1996	-1052384344	1087283406	44559	0
1997	910004244	1561688282	44581	0
1998	-1930374625	1023871769	44597	0
1999	1034302891	1075068420	44626	0
2000	-1771844084	69117010	44666	0
2001	1983648562	628172946	44684	0
2002	-526661558	782547037	44708	0
2003	-245000229	1598376514	44721	0
2004	-682628754	307782303	44755	0
2005	2036830349	1811596326	44772	0
2006	411088019	1601073106	44795	0
2007	-932268609	343599735	44817	0
2008	939084045	652179045	44845	0
2009	1425830677	1808859055	44875	0
2010	1330758284	1239309369	44904	0
2011	1423184071	1285865385	44926	0
2012	92391318	344887060	44959	0
2013	1401122747	1597223030	44991	0
2014	-1924081982	843957782	45021	0
2015	115651661	1932010986	45052	0
2016	-1789135121	90603224	45077	0
2017	379664381	1621231229	45096	0
2018	-1764488050	1987016466	45106	0
2019	-969361436	1082001501	45133	0
2020	761021095	36043837	45162	0
2021	881229603	1857348257	45168	0
2022	1626940867	13979780	45172	0
2023	-1543809987	154632827	45185	0
2024	-2124868395	950752129	45188	0
2025	1655289915	779094727	45190	0
2026	-40293186	34565444	45194	0
2027	436922708	662397059	45197	0
2028	-1500367546	674971292	45201	0
2029	-2037170912	246003634	45206	0
2030	-1903166064	599684060	45225	0
2031	-1747724972	1239361912	45227	0
2032	-445618689	1126933202	45238	0
2033	-1420990794	1798218000	45256	0
2034	-2035074242	523871632	45282	0
2035	-206877756	784481573	45304	0
2036	748091145	726000258	45317	0
2037	-1629614451	726000258	45317	0
2038	1901407692	1174393541	45323	0
2039	-1933621764	1818122100	45339	0
2040	461746182	507091643	45359	0
2041	-1682147044	896423027	45378	0
2042	-814106204	895540556	45385	0
2043	-717084335	886858442	45386	0
2044	-1532975357	349335516	45404	0
2045	-1939935510	1281367024	45412	0
2046	-1824701612	1539014176	45415	0
2047	-1553827562	1896467034	45419	0
2048	-1779232922	1896467034	45419	0
2049	566112153	561681352	45422	0
2050	912537275	1001896388	45424	0
2051	425316011	329272895	45428	0
2052	-1512791454	1831545796	45433	0
2053	1685612168	368872450	45435	0
2054	-1921804952	1846981091	45442	0
2055	225693842	1179628222	45456	0
2056	-1164064080	442318611	45460	0
2057	-1172659001	898105604	45463	0
2058	-648271851	208151982	45467	0
2059	-24344968	849837991	45473	0
2060	1208257553	1546407760	45492	0
2061	575183287	522294058	45508	0
2062	-1992547138	804387579	45522	0
2063	540607044	894308795	45524	0
2064	-761610331	103013450	45527	0
2065	453323935	1055804661	45550	0
2066	1954968335	216405789	45574	0
2067	1730914385	794410627	45590	0
2068	-934119506	1767315638	45597	0
2069	285503873	804508650	45599	0
2070	-78425862	786669546	45610	0
2071	1020811226	2133026474	45625	0
2072	-217305812	306891926	45640	0
2073	358396953	538631697	45654	0
2074	-1713858563	419931179	45658	0
2075	-1759321580	1296335313	45660	0
2076	987971036	150718827	45682	0
2077	626765972	1399913148	45699	0
2078	1316987309	1251570263	45717	0
2079	977000408	893003348	45727	0
2080	225033042	324517269	45733	0
2081	-251893500	364520751	45737	0
2082	-1063586594	1832103747	45753	0
2083	-1768852895	979344341	45768	0
2084	-2139169520	107805410	45783	0
2085	1669680387	44014169	45790	0
2086	-1250950962	1796740004	45793	0
2087	-1738038936	125344052	45812	0
2088	-382951951	1683662018	45829	0
2089	-60207130	1194120036	45844	0
2090	-1179599845	990930892	45862	0
2091	-1702517702	359982411	45865	0
2092	1900810731	61544703	45881	0
2093	365987845	2140317367	45904	0
2094	-1499836211	1278309245	45925	0
2095	1526635474	426910874	45927	0
2096	-1547166145	1374359136	45933	0
2097	-429336191	1339224287	45947	0
2098	-2126624459	1961562967	45969	0
2099	1305401917	194652996	45991	0
2100	2093170000	567633947	46002	0
2101	1087822665	1042278033	46004	0
2102	140162709	1027300326	46010	0
2103	1602279697	1853973804	46024	0
2104	1570625351	19819054	46042	0
2105	2114116955	57611532	46056	0
2106	-1231724900	720626107	46063	0
2107	1627530340	120244161	46065	0
2108	719632822	39864546	46088	0
2109	-2047509892	1992179713	46103	0
2110	-52925187	384684258	46121	0
2111	-1762564488	1503672334	46136	0
2112	252724767	1914267766	46142	0
2113	1952813353	1702890282	46147	0
2114	1069640273	1547424902	46157	0
2115	839007071	1282382865	46173	0
2116	1213916371	2060980638	46190	0
2117	-370257828	1720929174	46207	0
2118	-172513769	1468273498	46209	0
2119	-1155797681	899110244	46219	0
2120	-1055033258	2041635458	46240	0
2121	-1282873385	1517782531	46253	0
2122	-1189848519	506221545	46272	0
2123	-498726858	1243462942	46280	0
2124	2140271487	847276944	46282	0
2125	-1694355301	1906448468	46287	0
2126	-1669772265	1826622687	46301	0
2127	1126193159	790073226	46320	0
2128	-849427054	1145785062	46336	0
2129	2004426583	996506500	46350	0
2130	-1778165167	1928933889	46358	0
2131	484150568	11672274	46367	0
2132	-429521035	1004453377	46391	0
2133	1366909601	945441417	46408	0
2134	-75801891	651692723	46417	0
2135	1512991369	2011171199	46420	0
2136	746713165	1677765014	46422	0
2137	2030671293	1989981947	46442	0
2138	-1469551871	367425925	46458	0
2139	-741391730	686399091	46477	0
2140	-1408064692	483261695	46487	0
2141	549881230	2081411795	46505	0
2142	-1358931496	997403203	46517	0
2143	-1233155920	175238903	46532	0
2144	1909726788	893806968	46548	0
2145	1044643468	206835221	46563	0
2146	1471741825	935497745	46567	0
2147	1941248046	1709878921	46571	0
2148	-209927934	308941657	46577	0
2149	-776953866	791235039	46583	0
2150	-370191371	1242771558	46584	0
2151	955487695	1253603639	46606	0
2152	-1327654649	1896866146	46610	0
2153	2029860064	1787248221	46613	0
2154	-704685582	1115137170	46616	0
2155	1975897540	2115671616	46618	0
2156	-1662444987	3338689	46621	0
2157	861816906	1974152306	46636	0
2158	1299008639	238702041	46645	0
2159	676804936	620348374	46649	0
2160	-1716448386	283521231	46655	0
2161	-594933138	849073806	46658	0
2162	641312756	2141030550	46664	0
2163	-909056261	461320079	46679	0
2164	-1891906412	890521188	46691	0
2165	1286441092	84979689	46693	0
2166	2120492582	422988421	46702	0
2167	-1771465384	1903532177	46706	0
2168	-934902066	1703859013	46723	0
2169	-1209624170	472894960	46742	0
2170	-1577251151	1801498526	46757	0
2171	1879311842	1415871840	46761	0
2172	-923357736	1276228708	46764	0
2173	-253790397	1060206116	46777	0
2174	1708573951	1792281336	46796	0
2175	1525444669	463332470	46808	0
2176	-1594138629	2106947028	46825	0
2177	2000194978	636934835	46832	0
2178	1904191322	1116659153	46840	0
2179	-1152724336	777178406	46850	0
2180	211311543	1942625478	46871	0
2181	-401905901	1293882467	46876	0
2182	-1155113956	1087808207	46887	0
2183	1932360005	1077832644	46905	0
2184	757116215	2077757227	46906	0
2185	-1290520453	63379716	46920	0
2186	407267942	505407828	46933	0
2187	1614878619	94447327	46944	0
2188	1954283053	1529121407	46950	0
2189	-1638397417	130690532	46967	0
2190	1187964308	1757047442	46977	0
2191	613729487	1350023900	46994	0
2192	-1108254235	215127065	47009	0
2193	-609687035	678520162	47014	0
2194	412342602	1388456498	47028	0
2195	-429443483	1771446037	47049	0
2196	-1044606253	776110697	47070	0
2197	924945011	1664462514	47086	0
2198	-891604933	1963451716	47092	0
2199	-567055276	2107430971	47101	0
2200	1517317911	214641856	47102	0
2201	1699221026	1777276327	47116	0
2202	1577502862	735107897	47142	0
2203	-273025492	1353117687	47150	0
2204	-1779557610	313917840	47162	0
2205	-1037798296	1434593411	47171	0
2206	-836456051	1840450435	47176	0
2207	1461863295	268558643	47189	0
2208	1401467288	748895757	47205	0
2209	1458975036	1542077489	47207	0
2210	1146152159	57091680	47208	0
2211	2054557851	904465363	47217	0
2212	-1545726223	1598797062	47219	0
2213	-947167899	2095345594	47227	0
2214	-832137631	2039476790	47245	0
2215	588862630	1323013668	47251	0
2216	613427548	1207802600	47256	0
2217	370498277	2082343712	47267	0
2218	-382664534	737897410	47269	0
2219	-929463974	154451535	47277	0
2220	-640048553	1322605060	47288	0
2221	225769654	2021338741	47299	0
2222	-1278563463	719322115	47302	0
2223	-2081071027	157152364	47310	0
2224	2053316466	1948808803	47312	0
2225	-1703528708	1489071439	47315	0
2226	-1354070784	1732813550	47328	0
2227	-671822905	1388120853	47345	0
2228	629344898	64580458	47358	0
2229	1809675486	857728459	47361	0
2230	1453567109	536388235	47365	0
2231	1310328724	57770009	47366	0
2232	1722188652	282867973	47369	0
2233	-737767525	495434544	47386	0
2234	1805212050	1559724567	47391	0
2235	1840297639	1665781750	47400	0
2236	42607212	750498603	47404	0
2237	-40131063	752388880	47408	0
2238	296679576	1439018239	47418	0
2239	-794055258	441059079	47435	0
2240	-1816941326	1615442882	47445	0
2241	-1272238182	1813541913	47448	0
2242	-1453752045	2118322623	47453	0
2243	-1033817874	1210257071	47460	0
2244	-259674489	2061863967	47462	0
2245	1124686235	614963453	47480	0
2246	1174273647	1456273903	47495	0
2247	-1037177438	1335985409	47497	0
2248	1242511742	388778155	47500	0
2249	1030026529	1940623315	47525	0
2250	-1526206831	1515602791	47548	0
2251	-907691709	1294399811	47556	0
2252	-997259046	951882153	47573	0
2253	1498941749	964911079	47583	0
2254	-516924623	2031505743	47585	0
2255	-440011604	265301693	47598	0
2256	-1138130942	1016006570	47616	0
2257	-176817422	404130185	47618	0
2258	1280126898	1960619024	47633	0
2259	-2093948801	1705141190	47651	0
2260	-1765678691	368199203	47669	0
2261	-1479724281	853645285	47687	0
2262	1105666918	1422380329	47703	0
2263	-1700598966	517052840	47706	0
2264	-1328940085	2087140883	47714	0
2265	-1100944319	910851482	47738	0
2266	1690818981	1011464297	47750	0
2267	-1423465792	1232404434	47766	0
2268	2024864576	861502568	47780	0
2269	1894059582	402324458	47786	0
2270	1785334473	1937742471	47805	0
2271	-2064892359	664517307	47839	0
2272	-2017127134	1095195802	47864	0
2273	-1311326580	1138421722	47885	0
2274	651001526	53308177	47899	0
2275	-496591637	464451069	47910	0
2276	-1102147050	326451421	47926	0
2277	-458751498	630241315	47944	0
2278	526679105	678524672	47972	0
2279	-307337035	132310634	48001	0
2280	-1802651475	970513273	48009	0
2281	-967632370	1109263528	48020	0
2282	-892249252	1655350200	48027	0
2283	1934181448	687121156	48040	0
2284	1701679560	842184536	48055	0
2285	-1363603960	2125491069	48065	0
2286	90846655	1608648343	48066	0
2287	-1074606754	608381731	48072	0
2288	-1064811772	680300016	48081	0
2289	-1628027634	154904172	48097	0
2290	-14912417	1546429598	48112	0
2291	648373632	2128134205	48127	0
2292	512747284	1957632337	48137	0
2293	868076189	2114884158	48148	0
2294	-1677381279	1313517159	48156	0
2295	1968337783	845613957	48178	0
2296	-524040978	1146641897	48208	0
2297	97520353	1994362625	48212	0
2298	-2003634706	1858244187	48224	0
2299	1852951759	1692758531	48226	0
2300	650423180	578598206	48243	0
2301	-1871264777	418477424	48264	0
2302	-1194109090	912736040	48274	0
2303	-571119183	1258034290	48294	0
2304	-1303157453	545045035	48296	0
2305	-2084424765	1205701029	48308	0
2306	2069694103	1796581570	48321	0
2307	1935208691	1302994173	48341	0
2308	-730073485	177616338	48348	0
2309	681376805	1803367285	48357	0
2310	-670184113	292548284	48383	0
2311	509950962	1525302968	48401	0
2312	1934335007	285848253	48433	0
2313	-450645517	1085716490	48458	0
2314	-990882582	578178825	48469	0
2315	-686574674	1995307927	48488	0
2316	-104114349	1329478900	48502	0
2317	1624394771	1190980301	48542	0
2318	-336660012	1082385474	48564	0
2319	511596636	1907342429	48576	0
2320	-1369077003	217738272	48592	0
2321	269838765	2064161974	48613	0
2322	1555489195	1938406016	48636	0
2323	1590376875	1919936096	48665	0
2324	1481827824	346998967	48696	0
2325	1948144797	724241990	48721	0
2326	1822613035	2022715751	48753	0
2327	-87021391	2011617481	48781	0
2328	-495101869	1839147367	48805	0
2329	-1050465962	1064333492	48831	0
2330	-9733945	1968008829	48859	0
2331	-1915318012	159809662	48876	0
2332	1201458160	754727323	48904	0
2333	-509535328	322130939	48942	0
2334	-1162773362	1328540120	48977	0
2335	1012251822	1718376988	49012	0
2336	433858621	979754525	49035	0
2337	1445755787	304995490	49065	0
2338	-2020989482	1658491372	49113	0
2339	-463618254	1194775115	49160	0
2340	-72746066	1537801083	49195	0
2341	-106269988	1240074588	49215	0
2342	-1496502803	788199479	49221	0
2343	-1617105072	730765287	49254	0
2344	-1947684893	1589392827	49296	0
2345	1026531056	92065144	49340	0
2346	-1255578809	2011643457	49365	0
2347	-1914772400	1836983655	49387	0
2348	-810985501	173239849	49401	0
2349	338513476	1659749723	49432	0
2350	-31732926	1056027037	49476	0
2351	-1552883044	912195166	49511	0
2352	-259947448	1927719761	49548	0
2353	-645541907	1398795730	49566	0
2354	-2035428592	559562340	49585	0
2355	1527553431	2121713372	49617	0
2356	1617832385	322934694	49653	0
2357	-119825640	850916930	49702	0
2358	-449700392	96032326	49739	0
2359	1237182551	234973429	49753	0
2360	-1850553454	1470541323	49776	0
2361	2083467784	1418274498	49807	0
2362	328169998	2142650489	49841	0
2363	-884341998	1526278907	49874	0
2364	-210580212	955418458	49895	0
2365	-1456903689	604966300	49902	0
2366	118944150	1720456261	49914	0
2367	1219160388	180211681	49927	0
2368	1121140304	70977095	49941	0
2369	1935487656	740900277	49968	0
2370	-1167208103	2007893842	49996	0
2371	-2109959720	1365886151	50016	0
2372	1414352767	429723339	50025	0
2373	1816498331	1655480181	50032	0
2374	-1180604517	117186842	50051	0
2375	1038684555	503354501	50077	0
2376	1923522103	1497418248	50108	0
2377	718692912	456894101	50122	0
2378	2037495937	1454717980	50130	0
2379	-1352220858	450908495	50147	0
2380	-1016828061	2006299325	50165	0
2381	440479816	583709921	50181	0
2382	-1963202303	1055731073	50215	0
2383	1593960529	203500676	50224	0
2384	-1431776230	1334381329	50232	0
2385	-1323549025	920123987	50252	0
2386	-387887335	1427063966	50286	0
2387	-933915153	1929616497	50310	0
2388	-1067695995	1259576639	50351	0
2389	-555762094	1804467611	50384	0
2390	-1501382148	786442097	50401	0
2391	-1255238549	1444017418	50419	0
2392	-533664341	1963082401	50426	0
2393	-945667400	1995743701	50441	0
2394	1869685257	444561108	50457	0
2395	1098857120	1575529440	50481	0
2396	1321754081	567569880	50503	0
2397	1639064008	1402354013	50504	0
2398	1954790940	1981540196	50511	0
2399	1510599615	1555587953	50527	0
2400	284711616	1200956145	50540	0
2401	64939502	768920308	50554	0
2402	-122182921	2145645928	50572	0
2403	-1827679778	306691693	50574	0
2404	842402005	321702088	50587	0
2405	-1620974166	1995305091	50603	0
2406	1284080177	539846712	50621	0
2407	-1505085225	1951326295	50637	0
2408	-1095408927	2039227140	50649	0
2409	-1476050064	1040059142	50655	0
2410	1099007817	161256002	50666	0
2411	1531179742	510533215	50675	0
2412	-1882331608	1247994935	50687	0
2413	-1563069396	65675320	50694	0
2414	-1023247860	609091710	50707	0
2415	771683137	2094361481	50719	0
2416	-569660519	1054801259	50729	0
2417	-239475965	580876442	50735	0
2418	603927340	1528123478	50743	0
2419	-1474922945	589174782	50747	0
2420	-213931045	2052978458	50754	0
2421	571354662	18856163	50772	0
2422	2041704204	1960680666	50775	0
2423	1166302930	280639047	50779	0
2424	-298240357	1359109736	50795	0
2425	-44262298	1698990486	50833	0
2426	-1675874391	142321395	50865	0
2427	436853923	1940645124	50899	0
2428	-1513331967	181261826	50904	0
2429	986271035	440928078	50913	0
2430	1493379944	545097800	50935	0
2431	-1310651757	2015536066	50968	0
2432	1438511538	1011884169	51000	0
2433	1640191729	1262072601	51017	0
2434	614646081	360606159	51027	0
2435	1787556006	1730409944	51038	0
2436	958108491	379224564	51076	0
2437	-784148488	676858112	51105	0
2438	-43833672	1634324788	51135	0
2439	271787562	2121902953	51141	0
2440	1536386981	684666146	51157	0
2441	-1992278945	1414866408	51188	0
2442	1490660268	598939392	51232	0
2443	-1225077754	2064648899	51271	0
2444	179005103	109185193	51283	0
2445	1511837661	1678745685	51291	0
2446	379719396	397967336	51316	0
2447	1179436386	1119667349	51352	0
2448	1586330633	787836493	51385	0
2449	-104408621	662954643	51410	0
2450	165952378	1320522759	51413	0
2451	-1585172113	116086738	51416	0
2452	784064780	1669539671	51435	0
2453	1585280713	2035590989	51458	0
2454	961262167	1447112691	51474	0
2455	-1373581374	2140193517	51485	0
2456	2011709526	1393016527	51490	0
2457	1242694385	2036936564	51503	0
2458	452410713	1183563199	51521	0
2459	1383884665	1679800623	51549	0
2460	-1478605266	1947767492	51563	0
2461	-2142057342	1206465741	51575	0
2462	1617039018	729582252	51584	0
2463	905275700	221248740	51591	0
2464	1800138409	1231332385	51608	0
2465	830578197	127126807	51637	0
2466	1060574608	236937316	51662	0
2467	-1386395729	2129866273	51666	0
2468	1942594748	647945725	51667	0
2469	-1110026065	2076400771	51679	0
2470	-1457035654	1908525170	51691	0
2471	-1645723547	287938586	51718	0
2472	-560757737	809184486	51739	0
2473	-1361007988	163401071	51743	0
2474	-1016135056	824212734	51763	0
2475	469575282	878796520	51788	0
2476	688525146	1795878014	51817	0
2477	551023534	1589150880	51843	0
2478	87798079	1056151460	51865	0
2479	455913953	1683118159	51880	0
2480	811935963	2008714154	51897	0
2481	901393687	2006839254	51916	0
2482	336045628	1731516662	51929	0
2483	1293735913	523123365	51936	0
2484	906403043	211814177	51954	0
2485	1108140082	361912033	51980	0
2486	-1604318667	2012613258	51995	0
2487	-2083980777	199411637	52013	0
2488	-1911947632	425825133	52024	0
2489	-1438912721	1243967682	52026	0
2490	2127938418	1404195035	52040	0
2491	401350012	2105987158	52060	0
2492	1633542820	1675696118	52063	0
2493	-1753660025	1155605768	52067	0
2494	-1945250599	1055096774	52070	0
2495	-1122430627	795386398	52077	0
2496	-1246237204	957962107	52083	0
2497	-304689196	961241774	52100	0
2498	-339965046	933009243	52103	0
2499	-2038332544	752514623	52105	0
2500	1254682829	306246629	52107	0
2501	-1391064523	1687860463	52110	0
2502	-1537782028	1701829701	52114	0
2503	1515167210	419209245	52126	0
2504	359206985	276423972	52131	0
2505	1157502151	604407879	52138	0
2506	1898079106	1353133583	52147	0
2507	1686590266	528772905	52151	0
2508	-1794282676	718189894	52165	0
2509	-619598721	1729906636	52177	0
2510	-700563613	1563721359	52185	0
2511	-1379196938	1056021736	52199	0
2512	-1750070010	491205877	52222	0
2513	-1412489769	950380795	52229	0
2514	-147943642	676228206	52239	0
2515	894715824	1830250485	52251	0
2516	20187322	916281880	52284	0
2517	-139381404	638078797	52309	0
2518	1163290566	934781857	52326	0
2519	1524607202	1303008257	52327	0
2520	617216026	735349914	52331	0
2521	194443304	248253472	52353	0
2522	-145625252	310000	52371	0
2523	710342153	861092550	52390	0
2524	31197646	1728058656	52412	0
2525	-728067850	1292038547	52420	0
2526	-1578402178	489396665	52435	0
2527	-1287265072	689180964	52468	0
2528	-2034227597	1513850807	52498	0
2529	718295492	222723659	52518	0
2530	381343823	1084248417	52532	0
2531	28993440	1762150068	52554	0
2532	1327696586	869793491	52576	0
2533	-1172601565	1192898243	52608	0
2534	463237883	1493327367	52620	0
2535	-195208208	1898630260	52631	0
2536	-580475130	1717414356	52633	0
2537	-1271724725	2122742155	52634	0
2538	1373089886	236883259	52645	0
2539	1644041654	394368619	52648	0
2540	-1893548053	1121812499	52650	0
2541	1287253039	168310992	52658	0
2542	544011361	341461064	52660	0
2543	399275990	341461064	52660	0
2544	1915440180	1950590098	52665	0
2545	-638406294	2105632692	52674	0
2546	1845623559	399697605	52676	0
2547	1174200724	864221946	52693	0
2548	-2077833704	1343572955	52720	0
2549	-680998483	1193413950	52735	0
2550	-541217828	1136453109	52751	0
2551	-1922928462	60570373	52769	0
2552	1380351661	1472213412	52788	0
2553	738407251	637555194	52820	0
2554	1217051293	907091502	52843	0
2555	679660862	184752607	52864	0
2556	66170980	1189390251	52879	0
2557	1920899505	1862025439	52885	0
2558	1448163120	1703925577	52898	0
2559	115348915	1003783760	52904	0
2560	1929655912	1693765480	52914	0
2561	58433174	688277716	52922	0
2562	1306114653	447131508	52929	0
2563	1186448652	356944569	52956	0
2564	-2058608278	204782002	52974	0
2565	-1375615046	914074883	52992	0
2566	-1685027919	843748974	52994	0
2567	-871110339	1538410551	53010	0
2568	-559150263	1595345668	53054	0
2569	-321025195	791154237	53099	0
2570	-1844534330	1415414422	53134	0
2571	2023791814	1267318454	53141	0
2572	1712992687	788970682	53149	0
2573	1331676206	551559459	53176	0
2574	1441627235	567750892	53197	0
2575	-1858702872	1445947303	53217	0
2576	-1731366591	1536200227	53229	0
2577	1314405252	573352867	53251	0
2578	-1704993319	1881303711	53266	0
2579	1347212037	598506379	53279	0
2580	-691676096	1755991883	53294	0
2581	-1134153124	685114890	53312	0
2582	-424056929	1642905836	53315	0
2583	-883209133	1290872323	53333	0
2584	1711552091	1962961688	53346	0
2585	-45103676	213257380	53361	0
2586	1584685884	1716910009	53378	0
2587	242317884	588559822	53384	0
2588	-236785898	334268248	53387	0
2589	908318080	1561266351	53397	0
2590	1405448672	1990945448	53417	0
2591	-345895802	160973317	53431	0
2592	-969068218	454293003	53451	0
2593	426121267	1924063519	53453	0
2594	-811541064	783668902	53459	0
2595	1044967625	1737529083	53468	0
2596	-129245360	469993826	53488	0
2597	929499643	1544576743	53502	0
2598	969011308	1635320029	53514	0
2599	776009436	1635320029	53514	0
2600	-652933508	734883603	53517	0
2601	-660968741	777868690	53537	0
2602	566615411	1887121125	53557	0
2603	-470472744	955333201	53558	0
2604	393551324	1915388207	53563	0
2605	-1013937218	554063646	53565	0
2606	-1421296501	205933236	53570	0
2607	374920790	844517462	53572	0
2608	1109678636	1548461919	53579	0
2609	446087652	623252434	53581	0
2610	52964867	294684581	53583	0
2611	1718475786	1067874217	53586	0
2612	-1597673259	2065774716	53589	0
2613	1978913768	1382359509	53595	0
2614	857639759	164652473	53606	0
2615	-1503777971	1579012468	53609	0
2616	-1973954773	1169907582	53613	0
2617	-2120081563	1100919157	53614	0
2618	1833396233	807599241	53615	0
2619	-1045111107	2097174866	53628	0
2620	1606171240	484766372	53635	0
2621	-1297478963	1805871573	53642	0
2622	-1563080635	1464333502	53649	0
2623	-878334683	1013002204	53664	0
2624	-1180332588	604276058	53679	0
2625	-964874597	609514007	53697	0
2626	1232734972	1955581602	53701	0
2627	421145712	1282169754	53703	0
2628	-115763537	857893828	53713	0
2629	-659742015	393290740	53730	0
2630	49796783	888546121	53751	0
2631	-1518160449	528503398	53760	0
2632	2075865814	5197240	53763	0
2633	-1489388937	948433493	53767	0
2634	-1771538878	641799313	53786	0
2635	-587611807	1766353736	53807	0
2636	-1348974773	794333219	53821	0
2637	-1539601496	713524677	53827	0
2638	1615018435	17330777	53829	0
2639	-1318465142	1556529646	53838	0
2640	2093728975	834764342	53853	0
2641	-1167961208	1817608502	53872	0
2642	-7841549	761823885	53886	0
2643	160378389	1114214787	53889	0
2644	334833399	1373572738	53892	0
2645	654182420	1960695366	53906	0
2646	-906403317	30046124	53930	0
2647	63261314	822604201	53949	0
2648	550029319	977355245	53971	0
2649	-661713895	78952029	53972	0
2650	-452579719	443410384	53981	0
2651	-196975330	737761200	54008	0
2652	675262380	1539183634	54034	0
2653	313677314	879789016	54062	0
2654	1609645164	1078519897	54072	0
2655	1082216720	734785483	54075	0
2656	1406075530	1351461887	54089	0
2657	-1981144105	1383654420	54113	0
2658	2011399434	1441821296	54116	0
2659	1433220283	843601290	54118	0
2660	-935954756	408554038	54121	0
2661	-940973191	216044474	54127	0
2662	-1164151243	1269420388	54135	0
2663	1936354531	108266920	54138	0
2664	-1786004972	695709806	54141	0
2665	-751308286	1676025419	54142	0
2666	1211280534	707408410	54145	0
2667	1774186441	1041057974	54153	0
2668	-2103099361	1879813182	54156	0
2669	993807204	558858157	54158	0
2670	1744695353	304468510	54161	0
2671	-2091634536	886120611	54168	0
2672	-762313748	2135801353	54171	0
2673	-769708264	1558341588	54173	0
2674	-318182078	1247141027	54175	0
2675	-668332485	1125231310	54177	0
2676	272779321	1902212305	54179	0
2677	202279070	1582796126	54187	0
2678	759223414	1281290771	54198	0
2679	1503573645	1705440146	54200	0
2680	-1557489102	1701231960	54204	0
2681	1146703458	427906682	54208	0
2682	824171309	576962805	54211	0
2683	1034660517	559759285	54217	0
2684	606206899	166063585	54221	0
2685	335595252	1056416289	54223	0
2686	1161107261	761714608	54226	0
2687	1267825099	1285373362	54229	0
2688	1157968916	83697139	54234	0
2689	2071937478	184363595	54242	0
2690	1257006914	25262156	54246	0
2691	893661468	180696770	54248	0
2692	1534325163	1341168865	54251	0
2693	-1533822123	1272762221	54257	0
2694	-725064279	2103157216	54260	0
2695	-1867077367	468005794	54263	0
2696	-526430563	1831390206	54264	0
2697	-845101855	1370503578	54269	0
2698	-320645330	1407971637	54272	0
2699	742474261	1021838622	54279	0
2700	967874749	1474647151	54287	0
2701	427111409	1005927782	54295	0
2702	589744934	1354842557	54299	0
2703	1521463182	1059442185	54308	0
2704	-935033001	2125782558	54312	0
2705	501092736	963303794	54315	0
2706	-425845702	399281345	54318	0
2707	-476025179	1012899913	54321	0
2708	-54850438	676342273	54323	0
2709	-553691771	465932198	54329	0
2710	534259182	833484167	54333	0
2711	1234929461	1249143341	54335	0
2712	-656756824	2608614	54339	0
2713	-756794827	872967127	54341	0
2714	-1654256106	352459573	54343	0
2715	-538631658	1816789279	54344	0
2716	-210969313	2014150996	54347	0
2717	498570263	882950823	54351	0
2718	-1752782350	777721691	54352	0
2719	-1193342558	158175299	54355	0
2720	573606318	1080215193	54358	0
2721	275898515	175398964	54367	0
2722	459246690	605617788	54371	0
2723	26135732	755553697	54372	0
2724	418557556	1178016087	54375	0
2725	198544216	454784899	54382	0
2726	1637757698	1160608212	54405	0
2727	1822976799	1083791091	54439	0
2728	199146268	998295688	54450	0
2729	-1080692751	1736359181	54451	0
2730	1016600992	159897233	54463	0
2731	470014150	1577600041	54502	0
2732	-21214854	963099381	54535	0
2733	1632819186	1198260580	54563	0
2734	1985965992	2107616677	54570	0
2735	1648169468	1750795626	54571	0
2736	-311186335	554226799	54592	0
2737	107900099	920408588	54625	0
2738	1324046972	514509007	54662	0
2739	350758727	544168777	54687	0
2740	-838620966	333301716	54692	0
2741	-1710154024	1402819325	54702	0
2742	1658528460	463039727	54732	0
2743	-722323057	1710826370	54765	0
2744	-1692178245	1061248780	54796	0
2745	284784267	1225181095	54798	0
2746	-538425774	1253656444	54800	0
2747	1295118171	209436962	54801	0
2748	-1854106491	1541021765	54802	0
2749	-232333551	1321857268	54804	0
2750	-301165712	591995116	54809	0
2751	962941350	1908913220	54812	0
2752	987629943	1892802311	54816	0
2753	-714562842	1909320445	54822	0
2754	1832497020	155194653	54824	0
2755	-335706605	776102682	54825	0
2756	296392850	1483177491	54829	0
2757	-484295022	712409958	54835	0
2758	1080660503	2037690731	54837	0
2759	-1098289692	1567510688	54840	0
2760	-1607043936	925748815	54844	0
2761	-1525137039	925748815	54844	0
2762	-722722096	1594387342	54846	0
2763	-1477663966	1873342197	54855	0
2764	-1810838489	1253909853	54856	0
2765	3835946	305647387	54860	0
2766	2046892133	1217605938	54861	0
2767	-1849979692	1823944554	54864	0
2768	-920174233	1908852834	54868	0
2769	1314603154	884571506	54870	0
2770	-1192322735	1141754013	54872	0
2771	-1216373603	1141754013	54872	0
2772	1565486232	2050381514	54878	0
2773	724605082	1974045618	54886	0
2774	-877505345	46488140	54893	0
2775	82116647	1143528998	54895	0
2776	344488706	1997569838	54896	0
2777	-2092425271	844029278	54898	0
2778	-1460871593	1605198649	54899	0
2779	1464187796	319883581	54903	0
2780	1810010565	756719088	54905	0
2781	1487989719	205001964	54906	0
2782	699811925	2092712844	54907	0
2783	448249713	1828083209	54908	0
2784	1546481274	1782145112	54912	0
2785	-1491622651	1753531383	54918	0
2786	384499771	1211775916	54922	0
2787	-1486184832	1189687616	54923	0
2788	-2091639865	1189687616	54923	0
2789	1704593914	1044036685	54927	0
2790	-698699616	890895827	54928	0
2791	456388932	1886435781	54930	0
2792	-1243972168	1096889096	54933	0
2793	-179467738	1375291291	54942	0
2794	-1312093349	839685944	54953	0
2795	-616363899	1398143661	54976	0
2796	-1258134329	622036764	54995	0
2797	-31004540	2034632018	55003	0
2798	634576694	1461954029	55005	0
2799	-1655199475	479350865	55013	0
2800	2103209232	1934204787	55031	0
2801	-1802309759	761660374	55047	0
2802	1654299489	322882574	55065	0
2803	-1104383535	1712105025	55069	0
2804	-2022944135	1088800771	55071	0
2805	-1608702688	1430791350	55084	0
2806	1961918060	630579063	55112	0
2807	984819177	2127433081	55130	0
2808	-309870773	1558611824	55142	0
2809	-300833648	1994141958	55148	0
2810	608186252	676596201	55151	0
2811	696889299	1086469593	55167	0
2812	-1999850725	189490538	55183	0
2813	-1247136016	642761206	55202	0
2814	1805354943	136929023	55210	0
2815	-659194090	1739005506	55212	0
2816	-447222226	1903654139	55222	0
2817	366759286	85719974	55242	0
2818	1832160948	2093118542	55259	0
2819	-60259777	178847013	55277	0
2820	-1758872413	2084486370	55279	0
2821	2024205625	1764135854	55283	0
2822	1371881037	1482354426	55284	0
2823	1730029182	1422125252	55288	0
2824	1596614809	785713786	55289	0
2825	-1931640445	471111569	55291	0
2826	-1332347732	814064629	55293	0
2827	600207750	2085921621	55302	0
2828	686999364	1942208422	55304	0
2829	1616345241	1311967018	55307	0
2830	-1999705049	1976334539	55309	0
2831	1925477859	2011531275	55311	0
2832	1177725646	1297352029	55314	0
2833	129279258	2009078466	55321	0
2834	-264572981	1733586547	55322	0
2835	-324518332	2065771913	55325	0
2836	171564983	352831836	55328	0
2837	467339995	287223268	55333	0
2838	794833497	452379315	55337	0
2839	59698767	579515188	55341	0
2840	608710544	2014450764	55344	0
2841	-574611413	707429744	55345	0
2842	174704339	1418256200	55346	0
2843	-859336070	1081774732	55349	0
2844	1490259907	96085620	55351	0
2845	-343923483	642668719	55354	0
2846	573325486	1748226453	55362	0
2847	-10687926	343200056	55363	0
2848	74180376	655952799	55368	0
2849	180809249	519578941	55373	0
2850	-89052382	500350348	55377	0
2851	-37257996	800338947	55378	0
2852	1150411411	1414110995	55381	0
2853	-227045462	3584944	55384	0
2854	2110100016	2115650381	55385	0
2855	-132783113	175273529	55388	0
2856	1806263711	1753440375	55392	0
2857	-613043357	1465568994	55394	0
2858	-493933330	1662249652	55395	0
2859	-442456841	1298250372	55409	0
2860	-829658630	1656613353	55411	0
2861	-1054139267	2116743727	55413	0
2862	-1303751779	1915730715	55415	0
2863	-2041391615	533050670	55421	0
2864	1552949196	2048216409	55432	0
2865	1263685354	1470334126	55449	0
2866	102468293	1769611	55469	0
2867	1021115486	1424500962	55481	0
2868	1474302125	551104444	55484	0
2869	1037968829	1223120646	55487	0
2870	1694697759	315740439	55509	0
2871	1514019998	913819114	55525	0
2872	1092361777	416330767	55543	0
2873	1242978156	767404655	55558	0
2874	1059239460	1111040946	55562	0
2875	835206031	844058456	55569	0
2876	1202769601	1367446615	55588	0
2877	491781626	741697804	55603	0
2878	1543936802	988262307	55622	0
2879	-2039823602	1471931134	55624	0
2880	-412735930	345382689	55631	0
2881	165946216	831730727	55646	0
2882	-1882515199	1203050489	55664	0
2883	-1951541416	1751411426	55682	0
2884	1613882132	777966122	55696	0
2885	1130831892	646579175	55698	0
2886	2027620685	824566480	55709	0
2887	1314378601	8943731	55728	0
2888	1070572786	1986571489	55745	0
2889	774464566	402507195	55765	0
2890	1462766368	1564060677	55773	0
2891	1209283408	1812579848	55783	0
2892	1221384549	710208554	55789	0
2893	-725888080	1150402798	55804	0
2894	550626660	317771668	55821	0
2895	-1563585910	2064279834	55839	0
2896	1899937136	1152917610	55842	0
2897	677024347	625621310	55847	0
2898	1870061068	962900514	55858	0
2899	2063937456	1305660205	55884	0
2900	1691234529	1283995401	55901	0
2901	1718759836	275397550	55916	0
2902	-1882284591	1275191480	55923	0
2903	1646861414	362062994	55929	0
2904	-2128234306	1524219711	55946	0
2905	-1808712200	1738501389	55963	0
2906	-1947918448	364096812	55982	0
2907	-840092620	713266891	55988	0
2908	-880985346	983379786	55993	0
2909	-161392290	1809388936	56000	0
2910	-1553902576	200885355	56020	0
2911	-403344578	841838568	56039	0
2912	67162312	559455182	56059	0
2913	1433419693	2075663514	56070	0
2914	-1426379393	1729840720	56072	0
2915	-223386033	1643207716	56086	0
2916	-2113215216	6112738	56105	0
2917	-90759562	1459772284	56124	0
2918	-95515896	1953362126	56139	0
2919	1388913261	2048985660	56142	0
2920	200927315	1263930228	56147	0
2921	1641835500	374987367	56149	0
2922	2016357041	973955562	56153	0
2923	1148050746	2027429561	56161	0
2924	-449762646	1229855678	56166	0
2925	-435563000	678672679	56167	0
2926	-1404386068	1697663069	56171	0
2927	1973804322	380495830	56175	0
2928	1769399040	383220896	56179	0
2929	1680033549	383220896	56179	0
2930	-2081154280	354051388	56183	0
2931	-1066202664	1440609352	56190	0
2932	-947836223	23894277	56193	0
2933	520209996	1586402392	56197	0
2934	731044994	1555594081	56208	0
2935	1896030510	1872862407	56211	0
2936	1991473771	2069858836	56214	0
2937	-472630307	1146171637	56218	0
2938	-1180399059	347427942	56221	0
2939	513213571	1961864724	56223	0
2940	75076243	1026224735	56228	0
2941	1034144884	1781361208	56231	0
2942	-938835853	1942331558	56233	0
2943	1596393577	381147916	56236	0
2944	1049402269	67691348	56246	0
2945	-2024423211	938970425	56255	0
2946	-1133328194	1776762043	56258	0
2947	-712878272	1516750134	56260	0
2948	-642264945	1572258405	56263	0
2949	1987834844	1901441543	56267	0
2950	-1578829416	179238240	56276	0
2951	-1158022221	595099521	56283	0
2952	-1334909752	644711255	56291	0
2953	63004815	1696646693	56300	0
2954	-112624608	609272776	56308	0
2955	-910909689	1447560060	56315	0
2956	-1702799271	859464473	56323	0
2957	-1934787526	778012216	56331	0
2958	1650005211	241455122	56339	0
2959	-817002122	1809963177	56348	0
2960	-1901230651	1734950235	56357	0
2961	680088032	1419173332	56360	0
2962	1326141832	2092349232	56366	0
2963	-667343483	172135696	56370	0
2964	698918379	1874555844	56374	0
2965	-534719204	2035664556	56380	0
2966	-1403122595	852819755	56391	0
2967	-470214098	179931467	56394	0
2968	381833053	487464781	56396	0
2969	643982613	1013599331	56400	0
2970	1524423954	2015248139	56403	0
2971	980623946	1464620352	56407	0
2972	-811712830	864655461	56410	0
2973	-1715126146	83329565	56413	0
2974	375420685	2026801072	56419	0
2975	-596569801	359462455	56421	0
2976	58964198	1538166232	56427	0
2977	271339289	1697159788	56432	0
2978	-41340163	866362160	56436	0
2979	492274341	1301498292	56444	0
2980	1027102788	1889319370	56447	0
2981	-644138906	90428651	56450	0
2982	626168933	1055819555	56453	0
2983	1175403389	1809748710	56459	0
2984	-1416668420	2047936895	56462	0
2985	2073495288	1585947943	56463	0
2986	735112797	148533674	56464	0
2987	931248683	56434648	56474	0
2988	-559860576	331525656	56478	0
2989	29293646	307672889	56480	0
2990	1551880804	1434967076	56483	0
2991	735889562	1524824196	56485	0
2992	1030236273	1881390161	56489	0
2993	654578211	1189466705	56498	0
2994	592579317	2077165492	56501	0
2995	-530953934	757222168	56504	0
2996	-1599628443	1134955610	56506	0
2997	-1980366476	1247250411	56512	0
2998	1333584596	541066338	56519	0
2999	1514862256	822654984	56520	0
3000	-1645240808	1698589835	56524	0
3001	1368965035	305557800	56529	0
3002	2075455757	864275176	56531	0
3003	-1300502792	1852398784	56535	0
3004	-1620366656	1497957985	56538	0
3005	1364802971	327676994	56540	0
3006	-1414168631	1670506470	56549	0
3007	2022738535	697525312	56552	0
3008	719747792	2000178342	56557	0
3009	-17707742	1101942289	56564	0
3010	-1123440627	2035137198	56569	0
3011	-1791054475	630826861	56570	0
3012	-2003669803	745170658	56574	0
3013	-1104127036	1571524073	56576	0
3014	1260571366	1634088525	56579	0
3015	1267100338	1126157438	56584	0
3016	2060848909	592832102	56585	0
3017	-825283047	1812532017	56591	0
3018	-933654934	1528184261	56592	0
3019	-1988552225	126394060	56607	0
3020	1813104806	2029182017	56611	0
3021	585423179	693196121	56614	0
3022	695180795	887709099	56616	0
3023	-2108379096	336722289	56621	0
3024	2071688709	76585695	56624	0
3025	-1255905978	1051787203	56626	0
3026	-1786467015	606720876	56630	0
3027	-450941928	189250850	56632	0
3028	-52512244	485309568	56635	0
3029	-247807538	285885931	56637	0
3030	922778875	1368399172	56645	0
3031	3464279	1586657421	56648	0
3032	409069183	1955920586	56651	0
3033	-1344740419	103963352	56658	0
3034	-944456116	455701575	56664	0
3035	270890004	1745672187	56670	0
3036	-1011503432	451268338	56677	0
3037	607589715	1921109576	56684	0
3038	501579326	1817699790	56688	0
3039	-266074337	1681940595	56694	0
3040	-3081709	1892194364	56703	0
3041	-1285001598	514963945	56714	0
3042	-285691920	1465986990	56721	0
3043	56255322	2051214627	56728	0
3044	-1777473415	170775992	56731	0
3045	-676821604	1303411979	56738	0
3046	-987698097	971298805	56746	0
3047	-657730266	164790954	56750	0
3048	936754710	1768267563	56752	0
3049	940083890	1788191940	56758	0
3050	-485834	787353388	56767	0
3051	1103878097	2050468237	56778	0
3052	422950045	1269647744	56786	0
3053	574937126	1278205278	56793	0
3054	201434593	933167739	56795	0
3055	249788678	964053080	56800	0
3056	1743966349	667326738	56809	0
3057	-1063014549	2132129424	56816	0
3058	-1630804442	1366888269	56825	0
3059	-1679275510	673759374	56833	0
3060	-1866022973	700377695	56834	0
3061	-707985408	1967363371	56840	0
3062	1653822263	140735737	56847	0
3063	829711019	1462071537	56851	0
3064	-1635568480	150152860	56855	0
3065	-245175101	1276140607	56857	0
3066	-5995510	1041334830	56859	0
3067	1011677477	2078803050	56863	0
3068	785639391	2034329679	56866	0
3069	50244315	1074535981	56868	0
3070	629932791	1571169095	56873	0
3071	515903430	1417275034	56878	0
3072	-320441598	1342637991	56880	0
3073	186075324	1674296713	56893	0
3074	-1225932725	261810410	56896	0
3075	-1415593229	230050198	56899	0
3076	-1625436983	102730883	56901	0
3077	373403228	2126684746	56904	0
3078	-62906663	1640658469	56907	0
3079	877020040	1294469982	56911	0
3080	1721284891	2106678257	56914	0
3081	866160003	1226403179	56917	0
3082	1029092417	1345874294	56919	0
3083	1629934986	2094733065	56928	0
3084	370107246	819719127	56930	0
3085	533511142	985872678	56934	0
3086	548791044	849388477	56942	0
3087	-851021267	2033989804	56944	0
3088	1502515499	58680090	56948	0
3089	-2036504573	856887272	56950	0
3090	-1121625444	1736842754	56953	0
3091	2070931525	827089465	56955	0
3092	-1560339634	1461226473	56959	0
3093	1368018934	69812606	56963	0
3094	-1326087858	1593742522	56970	0
3095	1409967001	1263621764	56972	0
3096	1807303262	1618474325	56976	0
3097	1449943724	1252482418	56982	0
3098	981539523	785304116	56984	0
3099	265575332	208488324	56991	0
3100	495309728	432809627	56994	0
3101	-2060537751	2143874454	56995	0
3102	955468952	808847047	56999	0
3103	2112063050	1747049154	57003	0
3104	-1920279730	2008028611	57008	0
3105	1636538817	1227636887	57015	0
3106	1460308022	1035185389	57018	0
3107	2024997657	1609836590	57020	0
3108	1905401003	1506011034	57024	0
3109	1195891816	884916327	57026	0
3110	625231884	297527383	57031	0
3111	1677014776	1356191829	57032	0
3112	549426542	217437232	57035	0
3113	-1808244254	2077138760	57042	0
3114	2021204692	1605791873	57045	0
3115	1279960569	307847493	57053	0
3116	-1879847498	1507011636	57057	0
3117	-1302540829	2132862473	57059	0
3118	2046765232	1142924065	57061	0
3119	905173837	15266866	57065	0
3120	2059393074	1162751906	57069	0
3121	1975622273	1074679324	57073	0
3122	-1732104962	1896068483	57074	0
3123	719664090	57834493	57076	0
3124	-1587404822	1979152594	57079	0
3125	-2068575110	1553564871	57084	0
3126	1982423746	1129486225	57095	0
3127	1465038019	730583583	57097	0
3128	-1408711919	361462257	57100	0
3129	1606500902	913712453	57102	0
3130	808124821	22493763	57105	0
3131	-1740716076	1756189084	57108	0
3132	1911588022	1109696734	57112	0
3133	1871106366	1109696734	57112	0
3134	-2117659233	1478906837	57118	0
3135	-1673849116	1845470397	57120	0
3136	892046138	115053640	57124	0
3137	1818262330	922665452	57132	0
3138	1728212798	856014692	57135	0
3139	1220439484	280332777	57141	0
3140	-1473508312	1889163414	57146	0
3141	-1282628896	2130444971	57148	0
3142	-1968357550	1500999030	57152	0
3143	-1454572669	2005550908	57155	0
3144	1182284587	348248917	57157	0
3145	-1797418201	1640857937	57162	0
3146	-1790034020	1640857937	57162	0
3147	1395046263	629723740	57172	0
3148	985308978	225506168	57175	0
3149	1378601558	697721780	57177	0
3150	-2129193374	1436395333	57182	0
3151	1350972007	615181263	57186	0
3152	2099955878	1400570938	57191	0
3153	1741839	1089612943	57197	0
3154	-442576011	620378471	57202	0
3155	-851372374	331211170	57206	0
3156	-1261387930	98909172	57210	0
3157	-18658592	1876005157	57217	0
3158	-433337965	1362224880	57223	0
3159	1736270099	32621971	57227	0
3160	-810856153	1930497876	57230	0
3161	2121293364	83706762	57233	0
3162	-697121726	1588714390	57236	0
3163	-621716483	1579576104	57241	0
3164	-1697555110	385600639	57244	0
3165	-701790940	1567476991	57247	0
3166	-741579580	1494354771	57252	0
3167	1141901313	1971852636	57253	0
3168	819275674	1557051150	57260	0
3169	1184445179	1973222832	57268	0
3170	1143903065	1963499172	57274	0
3171	1516267166	1032870538	57276	0
3172	391939616	1201348586	57280	0
3173	572741634	1435474623	57285	0
3174	547229565	1336428413	57292	0
3175	-716420103	72807457	57296	0
3176	436746526	1213106217	57300	0
3177	-417889430	416163054	57305	0
3178	664904100	1506385212	57308	0
3179	-722110737	53306116	57318	0
3180	1052603519	1825557812	57322	0
3181	-322392733	414087162	57325	0
3182	635483772	1402915482	57328	0
3183	161371397	910505701	57332	0
3184	-353763488	451690318	57336	0
3185	-358343877	438289129	57340	0
3186	366239327	1161432435	57344	0
3187	408958102	1176470768	57349	0
3188	946777835	1668629371	57356	0
3189	171995785	897985942	57363	0
3190	-500964914	173664065	57368	0
3191	-588862968	157939342	57373	0
3192	-430796949	290346288	57377	0
3193	-626656401	102831132	57380	0
3194	695024106	1453397106	57383	0
3195	859785836	1678952239	57387	0
3196	964136915	1790208742	57390	0
3197	637773724	1466879036	57393	0
3198	235939583	1061928203	57396	0
3199	105822984	963330138	57399	0
3200	297181562	1144550596	57403	0
3201	4857018	688819893	57414	0
3202	1053262444	1789654440	57416	0
3203	-1431548992	489026318	57425	0
3204	-867137645	1118563915	57428	0
3205	-437975993	1588366404	57432	0
3206	-1369762433	655634610	57434	0
3207	-1089671795	936501630	57437	0
3208	-408137117	1609380756	57440	0
3209	-1115039383	898389082	57444	0
3210	-163294594	1843072183	57448	0
3211	-1050176775	931121271	57456	0
3212	-524045355	1456168779	57459	0
3213	-970897149	1036094816	57461	0
3214	-914748082	1005847146	57467	0
3215	-1488464763	410135019	57472	0
3216	-611271619	1324037762	57474	0
3217	-1496369020	1674476439	57480	0
3218	1673972247	513920075	57484	0
3219	1204344147	30993841	57487	0
3220	-1396100580	1726519502	57489	0
3221	1182207669	13482301	57493	0
3222	-1688793029	1374874320	57501	0
3223	-1027501998	2030502518	57509	0
3224	-982779088	2027605478	57523	0
3225	-1035195576	1938890314	57538	0
3226	2019803901	703209474	57553	0
3227	-2141148204	898036880	57557	0
3228	-1049787041	1974709599	57563	0
3229	-1771094779	1258960286	57574	0
3230	-948125379	2027668002	57587	0
3231	-1770392978	1253414270	57605	0
3232	1641956172	330054219	57619	0
3233	-1108787034	1830610572	57625	0
3234	-1229899823	1788869341	57628	0
3235	1558034124	57534086	57642	0
3236	-1691635909	1082659866	57659	0
3237	-1348103367	1430570885	57675	0
3238	-805060529	1990108461	57681	0
3239	-918885919	1729315794	57684	0
3240	-1200297933	1470787589	57692	0
3241	-2109720568	531436739	57706	0
3242	-839909492	1694271919	57726	0
3243	-1084734513	1374147776	57747	0
3244	-1553823860	943185495	57751	0
3245	-1407161503	1059770096	57755	0
3246	-897446055	1707252227	57767	0
3247	1976679649	242534811	57781	0
3248	-1570314702	1018995621	57798	0
3249	2086548129	364565099	57809	0
3250	1902670786	215593233	57812	0
3251	-1622564873	1024630206	57815	0
3252	-1428758783	1263388921	57831	0
3253	-1349388722	1319513118	57846	0
3254	-494695852	2077283717	57867	0
3255	-2115940199	454180263	57874	0
3256	-1787043672	826185889	57877	0
3257	-941152409	1681809522	57884	0
3258	-1428449734	1230928438	57898	0
3259	-2046396331	578205110	57912	0
3260	-1038924498	1564097253	57929	0
3261	-1158962716	1363883650	57935	0
3262	-513604800	2040724650	57939	0
3263	1792089501	81736265	57950	0
3264	-1533308419	1067013283	57967	0
3265	-955901051	1543518432	57987	0
3266	-1926494949	566434612	57997	0
3267	2104617608	345520867	58002	0
3268	-850081967	1722949179	58004	0
3269	1742056142	323269619	58015	0
3270	-738739718	2135552317	58017	0
3271	-940218379	1914338563	58019	0
3272	1427111074	10676896	58021	0
3273	-1063599201	1809245961	58025	0
3274	-1145232734	1724070289	58028	0
3275	-786206654	1989419745	58045	0
3276	-1986793680	680997174	58060	0
3277	-1508068237	1151889898	58068	0
3278	-1366205131	1274384717	58070	0
3279	-1995770266	670029316	58077	0
3280	-1467192583	1219460105	58093	0
3281	-1263930226	1372653680	58108	0
3282	-1855518994	707784085	58123	0
3283	-1154396416	1388049761	58126	0
3284	-1430337388	1239391878	58128	0
3285	1981723147	469660732	58137	0
3286	-1691898518	1100948109	58145	0
3287	1722111996	282750910	58148	0
3288	-1066393131	1781279904	58150	0
3289	-1370832189	1495297467	58153	0
3290	1731113934	308185423	58154	0
3291	-1392505393	1545172294	58157	0
3292	-1659995714	1277814315	58161	0
3293	-1956390349	971500483	58167	0
3294	-1956573409	971500483	58167	0
3295	-875521808	2047135674	58171	0
3296	-1138034917	1773691521	58175	0
3297	-1728682936	1152535630	58181	0
3298	-1216795376	1653859540	58185	0
3299	1597211534	166359264	58189	0
3300	-881747992	1985306830	58193	0
3301	2055074048	656026463	58198	0
3302	-403912630	1843542693	58199	0
3303	-1603924474	641529947	58202	0
3304	2058317368	5341035	58204	0
3305	-1800222691	429278331	58208	0
3306	-1519177563	714062306	58212	0
3307	-1825756256	414585174	58216	0
3308	-1503146490	740881423	58218	0
3309	-169616015	2083233290	58220	0
3310	-1406025125	834897537	58224	0
3311	-1758798790	481193230	58226	0
3312	-1327312043	901521485	58230	0
3313	-2139443307	81029900	58235	0
3314	-161906502	2061321078	58238	0
3315	-1317540738	911026259	58239	0
3316	-1199692611	1029523656	58243	0
3317	-2021981174	18749274	58246	0
3318	-180053586	1843543588	58249	0
3319	-1753423953	295570076	58251	0
3320	-1195487533	843493973	58254	0
3321	-1024342468	1015532965	58257	0
3322	-497066986	1530481173	58262	0
3323	-737675799	1250049036	58271	0
3324	264241454	2139965352	58288	0
3325	-1560621215	249297708	58303	0
3326	-117315271	1641347472	58314	0
3327	-654575996	1110956199	58316	0
3328	-488132118	1410516300	58319	0
3329	-838055952	1021315582	58337	0
3330	-1504089572	308976802	58358	0
3331	-1333591890	281505735	58389	0
3332	-1427471793	43199604	58408	0
3333	-352686513	1187179741	58411	0
3334	-282400183	1354129000	58416	0
3335	-1036469461	611357924	58440	0
3336	-1044658270	550160118	58468	0
3337	1295643286	641219644	58496	0
3338	766254757	75341491	58507	0
3339	929548012	376500923	58508	0
3340	1226654463	833197874	58520	0
3341	1743137417	1290228253	58548	0
3342	980228339	473471827	58575	0
3343	2039292684	1383982628	58599	0
3344	840310518	214221463	58604	0
3345	1960226056	1450529802	58607	0
3346	920202767	488463014	58624	0
3347	718983316	284472554	58652	0
3348	1803314456	1217242781	58679	0
3349	-1757405390	1868265824	58702	0
3350	1536398480	876616328	58703	0
3351	1039350461	613351337	58710	0
3352	784677055	344168989	58734	0
3353	1011069454	520268431	58759	0
3354	1779782602	1151579571	58788	0
3355	834120150	162197922	58798	0
3356	839771787	296440635	58800	0
3357	1961339338	1557091075	58813	0
3358	1456076598	1005249077	58839	0
3359	1178044395	647676427	58866	0
3360	-1828654065	1807495887	58889	0
3361	1324257122	633759201	58896	0
3362	-1732761028	2042369927	58900	0
3363	1299177291	840932575	58919	0
3364	1689957696	1232875976	58946	0
3365	900623461	352366860	58975	0
3366	1058823137	385700920	58994	0
3367	1421906240	767355710	58999	0
3368	805109605	364741497	59008	0
3369	1299886827	874885645	59029	0
3370	2037489296	206560436	59056	0
3371	-391952133	1861199938	59084	0
3372	-1396462076	675440474	59097	0
3373	2026289447	248270529	59098	0
3374	-414889826	1860387617	59113	0
3375	-2006398314	518748896	59138	0
3376	-1776043332	527739671	59167	0
3377	-1427010737	952562587	59193	0
3378	-648671675	1284506943	59203	0
3379	-1519287947	1921647964	59206	0
3380	1628358184	1149125586	59214	0
3381	-1512211005	2034335168	59230	0
3382	1755757249	1936949830	59244	0
3383	2013806606	1821504235	59259	0
3384	263668847	663596012	59263	0
3385	248120647	776433626	59265	0
3386	621385031	1186525619	59278	0
3387	1335853914	1943207717	59281	0
3388	-242345822	347958010	59284	0
3389	-297402026	330627836	59290	0
3390	-1409086332	580206524	59294	0
3391	-381196199	1656625029	59298	0
3392	-840983652	1181593124	59302	0
3393	-1401031994	1078619607	59304	0
3394	-1570176576	910855139	59308	0
3395	1915219387	117357816	59310	0
3396	-1854148267	642498329	59314	0
3397	-1210792922	1277379326	59319	0
3398	-1929952338	554920397	59322	0
3399	-1892581129	663550027	59325	0
3400	-1401237160	1152755925	59327	0
3401	-876329634	1662794927	59333	0
3402	1807879481	47853532	59335	0
3403	-1662175521	886427792	59340	0
3404	-1236791297	1323029473	59343	0
3405	1095446252	734854178	59346	0
3406	1405284513	976460161	59350	0
3407	1972110606	144564442	59355	0
3408	-1292039037	1452738932	59359	0
3409	-940707141	1697509208	59360	0
3410	-921804296	1937099809	59365	0
3411	-588164201	1748979757	59370	0
3412	-1752451593	794438505	59376	0
3413	-1244143095	1421514012	59378	0
3414	536654092	2040848578	59382	0
3415	-1169774216	444681312	59384	0
3416	-2001719293	52008842	59388	0
3417	-180798431	1677946178	59392	0
3418	-874434354	1055032375	59398	0
3419	-1848283430	1010820133	59402	0
3420	-579155085	796220257	59407	0
3421	-548225683	1363298382	59408	0
3422	-706443136	1298596376	59413	0
3423	796433048	2053301526	59416	0
3424	-1094511820	267903132	59419	0
3425	-1991562927	983530241	59422	0
3426	-1951707021	1172479521	59426	0
3427	1558697099	502733578	59439	0
3428	-824614935	836291434	59455	0
3429	-1089045760	217868329	59471	0
3430	-935524049	1416453973	59480	0
3431	1598587049	554605764	59487	0
3432	-357109015	2079468044	59506	0
3433	-1052077589	1249760229	59535	0
3434	-15875298	734045157	59550	0
3435	249377805	13676899	59567	0
3436	1445507672	1057931534	59579	0
3437	1723561498	1332369931	59594	0
3438	-1629021369	560322115	59619	0
3439	-845223293	1121790181	59642	0
3440	130217419	1473967082	59661	0
3441	-5411699	907998304	59673	0
3442	8630791	977551752	59688	0
3443	808521424	1856105675	59710	0
3444	-696789781	561492495	59749	0
3445	157691251	1008874196	59772	0
3446	-213206661	2119076586	59798	0
3447	-1995645309	103351645	59813	0
3448	-1257213178	341970155	59836	0
3449	250221877	1945098276	59860	0
3450	-308559586	1673198210	59896	0
3451	-1814020570	208238079	59912	0
3452	-1602532866	92966848	59930	0
3453	1550615737	336726402	59941	0
3454	-1559482457	622478312	59957	0
3455	-1385756137	1125981001	59980	0
3456	-654915627	1919847828	60006	0
3457	-1199901897	1186487435	60023	0
3458	759251104	1379157318	60035	0
3459	-1067978441	612393617	60049	0
3460	784587910	863002083	60065	0
3461	1791223598	1738953978	60098	0
3462	1117966463	756117477	60121	0
3463	1151651956	850126952	60141	0
3464	2015375605	1514751712	60154	0
3465	541226574	2146761153	60163	0
3466	-1319663642	1731569394	60170	0
3467	-1042014395	1904177357	60172	0
3468	-2095000297	1297805575	60180	0
3469	1370014809	300240988	60190	0
3470	1892495162	1025597164	60201	0
3471	-1942602293	1834499856	60207	0
3472	-1291591311	1936553770	60214	0
3473	-311697752	1499290389	60228	0
3474	-943104834	1268073329	60229	0
3475	-1408829729	171001378	60241	0
3476	407453478	1857275050	60243	0
3477	-1419151591	1483170849	60254	0
3478	-1967982840	682385241	60261	0
3479	-1133600759	1823559847	60262	0
3480	440397613	1929822138	60269	0
3481	147870653	207614853	60272	0
3482	-710095749	2046941050	60279	0
3483	-1899943884	1233768869	60283	0
3484	-1122329139	2039778986	60293	0
3485	1946885850	572135243	60306	0
3486	2034742470	635550536	60316	0
3487	2018928029	1883881416	60320	0
3488	141015780	27774415	60323	0
3489	2127668847	648427680	60339	0
3490	1489021246	5451306	60353	0
3491	-971873848	23359576	60369	0
3492	871314906	1585272153	60375	0
3493	-704194130	84582794	60376	0
3494	-647838358	155127472	60382	0
3495	-829634663	397217148	60398	0
3496	-1529743433	1486524624	60414	0
3497	-1726369719	1280342952	60427	0
3498	-1438561870	1542045360	60435	0
3499	-1639758293	1048459070	60449	0
3500	-1187666730	1302828360	60470	0
3501	-788389872	1661055547	60494	0
3502	1925697685	87095811	60508	0
3503	-1966225424	480624297	60518	0
3504	1856655844	361922265	60532	0
3505	-1236357627	1649010045	60549	0
3506	-1040992815	1853552048	60576	0
3507	2140099643	802676437	60586	0
3508	-820745603	1926560712	60587	0
3509	-1688615966	1105253014	60593	0
3510	1665772793	292349389	60608	0
3511	1711663979	379280913	60623	0
3512	-904211153	437531853	60638	0
3513	-473341618	900134795	60641	0
3514	327583006	1732300989	60646	0
3515	325781314	1786223232	60654	0
3516	-890300693	488637290	60656	0
3517	-668747924	732240546	60658	0
3518	684385104	2083163203	60661	0
3519	331054656	1801406576	60663	0
3520	501575285	625789715	60667	0
3521	1960887153	2111281956	60670	0
3522	1146377294	1335488671	60672	0
3523	1499540590	1497271373	60676	0
3524	998219091	1021809582	60677	0
3525	-1578306603	1481557282	60683	0
3526	836554015	1568401954	60684	0
3527	1607773611	13538077	60686	0
3528	-1439558781	1298652380	60687	0
3529	-1891320042	946760885	60692	0
3530	-1235396496	1631435239	60695	0
3531	-1176320453	1486933060	60697	0
3532	-1551515859	1139075760	60699	0
3533	-1415671732	1306310589	60701	0
3534	-1790118063	966369595	60704	0
3535	-2109369955	821400447	60707	0
3536	-1236636473	1718801805	60709	0
3537	2050231019	756991503	60712	0
3538	-1150941082	1889201610	60717	0
3539	1453254549	1201330015	60719	0
3540	867527152	639418678	60721	0
3541	903350023	700981657	60722	0
3542	-2117245262	2013128638	60724	0
3543	1964540518	368324977	60727	0
3544	-592904579	2135811372	60729	0
3545	2143628020	601431154	60732	0
3546	-2045154048	737932484	60733	0
3547	-713142595	1868729951	60737	0
3548	-642445142	1959930420	60740	0
3549	-1981765558	654695116	60742	0
3550	1991774035	360715263	60745	0
3551	994828976	1717271183	60748	0
3552	249938502	943029723	60763	0
3553	1266331258	1950128886	60773	0
3554	59529034	574609725	60776	0
3555	228628551	754171637	60780	0
3556	930640235	1495404543	60793	0
3557	947308114	1561279749	60808	0
3558	-2071560995	450950136	60824	0
3559	-1560843322	990542254	60830	0
3560	-1536305395	1071996373	60832	0
3561	1736244855	70408551	60840	0
3562	-1050619876	1424863009	60855	0
3563	-324620065	103021949	60868	0
3564	1109000090	1449855405	60886	0
3565	1982618685	359963812	60894	0
3566	1941594468	567598886	60909	0
3567	-2059260622	812317244	60932	0
3568	1775537295	386246946	60946	0
3569	833502315	69883326	60962	0
3570	2040307134	681723282	60981	0
3571	456185404	1565573253	60996	0
3572	653031292	1779330142	61011	0
3573	-455608363	434870380	61036	0
3574	375039220	1190524851	61050	0
3575	1474127989	535187805	61065	0
3576	-1504730152	1955536489	61085	0
3577	1485725533	580102934	61099	0
3578	-942478337	1486048118	61119	0
3579	-1599923811	991163531	61138	0
3580	195313623	372475601	61152	0
3581	1032550668	1200644225	61173	0
3582	511495834	511012809	61187	0
3583	1334095523	1425597521	61201	0
3584	1558826580	1554229223	61224	0
3585	389285045	449680352	61240	0
3586	1270358122	1724880682	61254	0
3587	1500598552	857064362	61274	0
3588	-1806248164	1961152771	61288	0
3589	1560358563	1111456822	61302	0
3590	1983438745	1195727300	61327	0
3591	1232835028	184892147	61341	0
3592	2058617333	1011940555	61357	0
3593	1417584048	408988148	61376	0
3594	-1810109688	1572633724	61389	0
3595	2045742916	922728824	61409	0
3596	-1656612306	1618053802	61427	0
3597	-1308300838	1922388555	61443	0
3598	1760765767	856046898	61462	0
3599	-1568435176	1646801811	61477	0
3600	2040571399	927304769	61491	0
3601	329044650	1105504468	61515	0
3602	1802180800	1879148225	61528	0
3603	1819106865	364995952	61544	0
3604	1955566134	497168790	61564	0
3605	1510590341	150701812	61578	0
3606	579461337	803762870	61594	0
3607	1422848549	1273083908	61618	0
3608	507523680	424966316	61630	0
3609	1678141330	1829328360	61631	0
3610	927666949	919954763	61647	0
3611	31868698	67506391	61661	0
3612	-754919049	381863488	61677	0
3613	-694197588	449538789	61684	0
3614	-968840067	1786308578	61687	0
3615	-1271493077	1259546304	61692	0
3616	-467350541	1925038012	61707	0
3617	-1007628445	1430051317	61725	0
3618	-1174944750	1239827301	61738	0
3619	797049308	1694126467	61741	0
3620	482689443	1793895799	61742	0
3621	313548978	1719432414	61754	0
3622	-171811366	1408870483	61761	0
3623	1880060313	103292418	61764	0
3624	-717468346	1826621510	61766	0
3625	2022318796	175716538	61770	0
3626	2013321459	295472998	61771	0
3627	-798560118	2071629098	61773	0
3628	-2015461162	947435925	61775	0
3629	111167743	147748353	61778	0
3630	527779006	635374268	61780	0
3631	1356986337	1336594121	61784	0
3632	-1535978063	228220675	61785	0
3633	-184063847	1406849634	61790	0
3634	-218628559	1469893039	61792	0
3635	-123564553	1668439112	61793	0
3636	-1022555420	622025256	61794	0
3637	619308275	812078600	61800	0
3638	383860361	442656771	61801	0
3639	269629667	401098664	61806	0
3640	-1842726397	1462238060	61808	0
3641	-1720594384	1680678449	61811	0
3642	-1869029328	1321586926	61814	0
3643	-1975687693	1321586926	61814	0
3644	1774967991	867173090	61818	0
3645	2033886388	956046019	61823	0
3646	1405024359	1183900159	61826	0
3647	1486878891	1348909972	61827	0
3648	1242746059	1196343594	61831	0
3649	2079327196	1543945736	61832	0
3650	-2063506270	1972897401	61835	0
3651	1833773749	1681016081	61837	0
3652	1952310127	1869626309	61842	0
3653	1486300358	1214862883	61852	0
3654	1764300594	859159660	61862	0
3655	-1872098748	1620312755	61866	0
3656	1995886592	1239512592	61868	0
3657	1514490229	1866906716	61882	0
3658	-711843622	174620255	61896	0
3659	-207986062	429533087	61912	0
3660	90982839	762889569	61919	0
3661	557619632	1384585038	61921	0
3662	1252436246	171394708	61922	0
3663	-1189113639	42571872	61924	0
3664	-328550156	1008197343	61927	0
3665	-1258982061	110021281	61935	0
3666	-924800224	238613762	61938	0
3667	1240516569	2032280106	61940	0
3668	-699396845	134883553	61942	0
3669	-473228166	240724730	61943	0
3670	-402039805	685997229	61946	0
3671	792871322	555634177	61949	0
3672	1970423798	1723857133	61951	0
3673	1706172331	771116511	61957	0
3674	-358572666	1835010304	61961	0
3675	-930560171	1301259748	61963	0
3676	-703337782	1286923149	61965	0
3677	-684383359	1073104735	61969	0
3678	957271874	1802834831	61970	0
3679	-241043435	614411729	61974	0
3680	-887861456	971208161	61976	0
3681	1316797858	1202913869	61979	0
3682	1242815934	1157815122	61983	0
3683	1676611674	1614444047	61986	0
3684	1600765157	1323694526	61988	0
3685	1610616260	1275420337	61990	0
3686	524853490	544809675	61994	0
3687	1066750652	1089104152	61998	0
3688	794264687	809388075	62002	0
3689	-1221104833	508053027	62005	0
3690	-295012721	1439561279	62006	0
3691	-1671912366	82729833	62010	0
3692	-1494055621	476207670	62011	0
3693	-751513166	1109230314	62014	0
3694	-483609473	1379032557	62015	0
3695	190358324	2049113007	62022	0
3696	-573756815	488175139	62023	0
3697	-1964414021	1607126560	62025	0
3698	-1978178554	1604188034	62030	0
3699	2122109611	1604188034	62030	0
3700	-2101500499	1502246861	62033	0
3701	1439620017	850085739	62037	0
3702	1430783660	850085739	62037	0
3703	-138638176	1779698449	62041	0
3704	2018003309	810740844	62048	0
3705	-1551309077	1498616513	62051	0
3706	-1271781630	393141326	62053	0
3707	-264292102	791280503	62054	0
3708	133522059	1004966288	62057	0
3709	1838366671	313576479	62059	0
3710	-107798511	910096516	62062	0
3711	-353159464	686520528	62067	0
3712	1570908855	500832113	62069	0
3713	-830682930	106618241	62071	0
3714	-1259387110	667653402	62077	0
3715	-1096805148	864034747	62078	0
3716	-1190673794	625159088	62081	0
3717	607358835	478430627	62084	0
3718	653568568	428328751	62087	0
3719	1766188283	1453162915	62091	0
3720	-1275460182	556595116	62095	0
3721	-784000537	1093037576	62098	0
3722	-423186964	1657375798	62103	0
3723	2056440121	1450825017	62106	0
3724	2047233052	1758458458	62108	0
3725	1543392012	1396666943	62112	0
3726	325342926	94754075	62115	0
3727	-787183512	1486901550	62118	0
3728	814725413	2128961467	62120	0
3729	-1301504372	70438634	62124	0
3730	961565133	1912330512	62127	0
3731	-1938163984	1197245846	62131	0
3732	-1453637414	2091796748	62133	0
3733	1424673641	668848418	62136	0
3734	-442210988	2093900286	62137	0
3735	308678074	2101877225	62141	0
3736	-1210747961	551465010	62143	0
3737	232902021	1984632840	62148	0
3738	300231329	565065423	62150	0
3739	1089630185	1164334349	62154	0
3740	-233210398	1566578292	62157	0
3741	-835416649	972880298	62159	0
3742	-152301910	1837481201	62161	0
3743	-880579831	647849913	62164	0
3744	861569939	2138180144	62166	0
3745	-1146068370	1954115315	62170	0
3746	1824039768	634478906	62172	0
3747	-1826641703	974397846	62173	0
3748	836093967	731593263	62178	0
3749	774701841	112740533	62183	0
3750	-1686216284	1947327271	62185	0
3751	-1344126428	1943552831	62188	0
3752	-1774902876	1507151288	62189	0
3753	-42333846	191387506	62192	0
3754	1012972577	1243921610	62194	0
3755	-93537658	278596904	62198	0
3756	926125152	1457349074	62202	0
3757	512191267	478838634	62203	0
3758	1452890655	1360028037	62208	0
3759	-1538361509	1591798400	62209	0
3760	-1650284548	1854545806	62213	0
3761	293053232	743558366	62214	0
3762	647556417	850872826	62219	0
3763	-506737192	462413190	62221	0
3764	209286580	1103823969	62224	0
3765	1992906713	718122010	62228	0
3766	349379256	250761726	62229	0
3767	2012839383	383479325	62231	0
3768	-2103968284	82158464	62235	0
3769	-1732879011	394017666	62239	0
3770	-20043167	1933735543	62242	0
3771	1760672262	1232309934	62246	0
3772	-1841018379	1906018932	62248	0
3773	-1846765815	2067059372	62249	0
3774	942866044	2067669043	62253	0
3775	-477567186	1002667133	62255	0
3776	-534700303	1163824019	62259	0
3777	-845174091	897099032	62262	0
3778	-991799051	18807718	62264	0
3779	-1068653903	320713044	62268	0
3780	-456227009	968698584	62270	0
3781	-1376698400	222497278	62272	0
3782	-1992807895	227804763	62275	0
3783	-1795642266	441984147	62279	0
3784	-914663935	1320996101	62280	0
3785	-275183286	2122778859	62284	0
3786	1792076179	18659841	62287	0
3787	-1800080356	480494506	62290	0
3788	-684535759	480494506	62290	0
3789	-419854864	826605970	62295	0
3790	2062950583	1394409052	62297	0
3791	1962441679	852346391	62300	0
3792	-1500025784	1866924305	62304	0
3793	-1175197567	1972931394	62308	0
3794	1293262323	547407521	62310	0
3795	-1335699267	509871342	62311	0
3796	-18033241	1835838015	62316	0
3797	336544173	1560193083	62318	0
3798	-1142824294	85127593	62320	0
3799	-1730192483	1785997462	62325	0
3800	-1686295055	1816272162	62328	0
3801	-1896113955	1403136566	62329	0
3802	764936452	495845219	62333	0
3803	636221631	402657971	62334	0
3804	1169560638	711435869	62337	0
3805	1068397290	1269069087	62338	0
3806	1676048696	1967676522	62343	0
3807	315554159	584293532	62345	0
3808	1315049340	286328562	62349	0
3809	-655916796	1099627871	62352	0
3810	-35411711	2061837263	62354	0
3811	-837133150	1505235883	62357	0
3812	-140554487	1856056889	62361	0
3813	-246314826	1271170320	62363	0
3814	-887085442	614694890	62368	0
3815	135902009	1661853683	62370	0
3816	473132076	1973304074	62372	0
3817	1651597140	2113857028	62376	0
3818	1590978348	2113857028	62376	0
3819	119616761	696275994	62380	0
3820	-507004525	138103588	62383	0
3821	833154931	1292493678	62385	0
3822	609501169	1111147259	62389	0
3823	1185448778	1577430106	62408	0
3824	932508040	883604854	62434	0
3825	331127403	522561848	62456	0
3826	629646765	1024311695	62460	0
3827	-396355275	229682619	62469	0
3828	-464599743	999704585	62487	0
3829	799115344	1841711772	62513	0
3830	536070149	1425691577	62542	0
3831	918364133	1922644463	62558	0
3832	529053946	1631343542	62559	0
3833	546448832	1841088803	62569	0
3834	-708442676	1792522775	62592	0
3835	-1779956111	572130420	62621	0
3836	-746344084	1219024105	62644	0
3837	-1400687786	786359847	62656	0
3838	-420483121	1808473109	62657	0
3839	-1007595324	1400682490	62672	0
3840	-1310475056	730321736	62698	0
3841	-1032337635	832157718	62727	0
3842	374176503	788433313	62746	0
3843	1143602691	1856728742	62753	0
3844	-831037053	581202604	62758	0
3845	-397042805	1052276314	62778	0
3846	318813255	1326718750	62804	0
3847	882389181	1763993174	62831	0
3848	1094075887	1858825888	62847	0
3849	-56606267	1037681248	62850	0
3850	-511086303	736818265	62862	0
3851	-727747872	1442807972	62885	0
3852	-199815011	1833127883	62913	0
3853	-290581551	1709123511	62936	0
3854	-1562751087	636654305	62946	0
3855	-2031944914	202372502	62950	0
3856	26103754	1302506382	62963	0
3857	926413065	1997391603	62991	0
3858	-373209809	509601571	63016	0
3859	1196745039	1862337063	63036	0
3860	-1201236172	1238209684	63043	0
3861	2079052127	376146988	63052	0
3862	-1206416566	1627170156	63070	0
3863	-1377422292	1334827495	63073	0
3864	175695270	2082954254	63076	0
3865	-1841185208	216875297	63078	0
3866	1903041495	257952402	63083	0
3867	-824003561	1887254546	63087	0
3868	964502382	1151704272	63089	0
3869	1378385903	1671317984	63090	0
3870	1740240993	1996595165	63093	0
3871	944592544	1162159117	63097	0
3872	262693995	242838239	63101	0
3873	580332850	675360499	63105	0
3874	1449654353	1532335363	63107	0
3875	269815127	494147290	63110	0
3876	-1518152861	1600981429	63114	0
3877	1736624237	550319388	63115	0
3878	2142395889	904021401	63117	0
3879	-1204859929	1967403713	63121	0
3880	-1190241162	604316022	63124	0
3881	-1224202946	951028890	63128	0
3882	-961930524	1306916114	63131	0
3883	-1034210611	1249654138	63133	0
3884	-220761093	2093289382	63134	0
3885	991448114	532421046	63138	0
3886	606476934	1140072965	63139	0
3887	105406375	649609132	63145	0
3888	1165293242	1741100546	63148	0
3889	1332309685	1615253947	63151	0
3890	-303760385	17845629	63155	0
3891	111686514	1571355703	63156	0
3892	-1165820824	179228937	63160	0
3893	-1092814522	618806698	63162	0
3894	-1476151400	231969481	63164	0
3895	168095276	1905704244	63167	0
3896	-479092505	1568255247	63169	0
3897	-1245390597	508047628	63174	0
3898	-276119909	1271520150	63176	0
3899	-595003922	986486122	63181	0
3900	279861597	1854037109	63183	0
3901	-212348831	1818734733	63187	0
3902	1696512513	55454315	63190	0
3903	2098367621	482513230	63193	0
3904	1799596104	262281996	63195	0
3905	-1872649330	2011336357	63198	0
3906	-1492360384	2076588296	63201	0
3907	1986375246	1032229723	63203	0
3908	552189468	98116992	63205	0
3909	1309641950	425149930	63209	0
3910	89688099	1977932258	63213	0
3911	1912800354	1074071935	63217	0
3912	-1412206847	1957352437	63221	0
3913	1754032929	1957352437	63221	0
3914	111607100	319696426	63224	0
3915	1124439487	1186636682	63226	0
3916	2033041557	2072501051	63232	0
3917	1078418378	1007058553	63236	0
3918	510572714	422810466	63238	0
3919	-586064448	489821762	63243	0
3920	727540891	1825579327	63244	0
3921	156158746	569307144	63247	0
3922	16661318	415611669	63249	0
3923	-1376634721	1703143773	63253	0
3924	-1213765016	1956800265	63254	0
3925	-1652409411	1464520520	63259	0
3926	2049782013	853717896	63262	0
3927	-1918376179	794558339	63263	0
3928	-654637817	2087235463	63266	0
3929	-1650613305	12275879	63268	0
3930	253147048	1538745460	63272	0
3931	-1134606780	215376649	63274	0
3932	491789313	1611321867	63277	0
3933	865914838	1973065311	63279	0
3934	-1170154553	955481309	63281	0
3935	-658990890	1322296381	63284	0
3936	-974488979	1428124616	63288	0
3937	-642964308	1503354854	63292	0
3938	-597174604	1551457193	63293	0
3939	-1164112243	971307490	63298	0
3940	-1422377107	1054701324	63300	0
3941	-1889140508	452783598	63301	0
3942	-1822623889	469466478	63303	0
3943	-818287190	1540438079	63305	0
3944	-363422849	449093705	63307	0
3945	-84821522	92530245	63314	0
3946	986739765	1181281842	63317	0
3947	1190059929	1274713239	63319	0
3948	65513043	375532086	63322	0
3949	765735985	1020563443	63323	0
3950	1377379945	1616244051	63326	0
3951	-520230623	614459820	63327	0
3952	-1025120811	306426606	63333	0
3953	379509407	1712580673	63334	0
3954	281459736	1626648463	63338	0
3955	764516405	105047913	63342	0
3956	-1688289968	863147699	63344	0
3957	-1903049819	732110514	63347	0
3958	-1848498830	762144332	63348	0
3959	1908430623	443630732	63353	0
3960	1820198276	309148432	63356	0
3961	1837019494	309148432	63356	0
3962	1982103102	539051164	63361	0
3963	-1866797304	597253000	63365	0
3964	-1355634939	1094649357	63369	0
3965	-1568183100	918236587	63370	0
3966	-1726486911	174320568	63372	0
3967	67895254	69692398	63375	0
3968	616144813	672200589	63377	0
3969	696408570	828646803	63381	0
3970	977537269	1138191957	63384	0
3971	69833005	181874774	63387	0
3972	711260426	816805472	63389	0
3973	1615301030	1814976706	63391	0
3974	1909542850	2098567119	63394	0
3975	1923515217	2098567119	63394	0
3976	1710125128	2068265342	63396	0
3977	1370853715	1610054739	63403	0
3978	1472940106	1646890810	63404	0
3979	1583683315	282103399	63408	0
3980	230098787	20697909	63410	0
3981	1804153970	1559899754	63413	0
3982	1854896017	1912338918	63414	0
3983	1550398062	1733091358	63418	0
3984	605626150	749483345	63419	0
3985	1784761799	1085945861	63423	0
3986	1830243926	1085945861	63423	0
3987	-618147634	2049537620	63429	0
3988	2042891672	372235151	63430	0
3989	-1292187376	919366625	63435	0
3990	-758711407	1403073943	63439	0
3991	1437493643	903754633	63441	0
3992	-1415711306	361539864	63444	0
3993	-1501879834	225492264	63449	0
3994	-1435526352	744549090	63451	0
3995	-860662979	1258609994	63455	0
3996	-179350786	1893770799	63457	0
3997	-488825841	1893770799	63457	0
3998	-1219104061	1298125051	63459	0
3999	-945705473	1467964661	63467	0
4000	1031776159	1036549427	63469	0
4001	1530900852	13547316	63471	0
4002	-1358341063	1363997625	63474	0
4003	1002861047	1398965363	63477	0
4004	1550991409	1918320017	63480	0
4005	-1930981760	688319637	63482	0
4006	-1996868894	567344221	63485	0
4007	2005680894	208858903	63490	0
4008	1783277578	1898420913	63492	0
4009	1621406449	1781227929	63494	0
4010	1503351561	1613271816	63499	0
4011	-1921023934	613738348	63502	0
4012	-605966712	2050509298	63504	0
4013	-1048039355	1923887940	63506	0
4014	-1801987018	1180633107	63508	0
4015	-776591092	710766256	63512	0
4016	266874132	1058933269	63515	0
4017	-512606021	135103153	63519	0
4018	1463248821	1191822767	63522	0
4019	1713451297	1412982527	63525	0
4020	1783819152	1299538853	63527	0
4021	-1858552447	1548716326	63529	0
4022	-1534048907	1839388146	63532	0
4023	1812481594	1548130413	63535	0
4024	1400575175	1100816849	63539	0
4025	-2116169250	1854683140	63542	0
4026	1086011002	863503623	63546	0
4027	-1406615907	1123171282	63548	0
4028	-1746125496	1103659147	63552	0
4029	2101825566	587354921	63555	0
4030	-807702470	410080577	63559	0
4031	521326179	486589884	63561	0
4032	1676308447	1605493091	63563	0
4033	269961274	168386527	63565	0
4034	865270056	876405624	63569	0
4035	107081974	50978385	63573	0
4036	-242595865	2135022714	63574	0
4037	1821335332	1008310982	63578	0
4038	-1743829767	1698686736	63580	0
4039	1674463816	1538334255	63585	0
4040	1921495006	786222115	63588	0
4041	2048120866	857103636	63592	0
4042	2138749398	916342548	63595	0
4043	1408421781	133773514	63598	0
4044	392383202	951767684	63600	0
4045	592493543	1090754395	63603	0
4046	-128915857	310711952	63608	0
4047	2001601463	1781198534	63611	0
4048	535902515	285250946	63613	0
4049	396076207	188694879	63617	0
4050	362096719	112307548	63620	0
4051	-287905943	1497756344	63621	0
4052	1159762535	760880867	63627	0
4053	808949742	378239564	63630	0
4054	1204695567	738406378	63634	0
4055	331971039	1839515843	63636	0
4056	392230398	1890438359	63637	0
4057	-273335422	1210598871	63641	0
4058	154426795	1208160920	63644	0
4059	140550000	1553122296	63648	0
4060	-1431524113	6712150	63651	0
4061	1381702174	703399496	63654	0
4062	-431373047	847063039	63656	0
4063	-779103471	534614118	63659	0
4064	-344457828	406553973	63669	0
4065	289573077	396151779	63685	0
4066	2126898162	1777970513	63701	0
4067	449044349	1158445276	63703	0
4068	605930708	1508157692	63707	0
4069	1152133506	2037170622	63717	0
4070	-738654002	1709746905	63733	0
4071	-1106211868	1125803743	63747	0
4072	1485593568	1184331820	63750	0
4073	1397785760	858039491	63751	0
4074	1837731089	522737999	63754	0
4075	1070402233	756358107	63758	0
4076	784834217	671469523	63761	0
4077	1352471130	1180980215	63763	0
4078	2086431852	1115717701	63766	0
4079	-1518367298	1769566952	63770	0
4080	1931207486	906499412	63771	0
4081	-2098749074	1143516282	63774	0
4082	-1511693276	1362398641	63776	0
4083	-1341659359	1530635992	63779	0
4084	-1607582491	1216785250	63783	0
4085	-62867344	1799813937	63786	0
4086	1344150355	2119768250	63790	0
4087	554831273	1769543668	63795	0
4088	-227034264	975640727	63797	0
4089	16514691	487287817	63798	0
4090	-531373970	278761832	63801	0
4091	1128686005	1916394405	63805	0
4092	822879599	1583496500	63808	0
4093	135355469	1882653902	63810	0
4094	-819430342	922911606	63813	0
4095	-113584750	1626875918	63818	0
4096	255371536	1942140318	63820	0
4097	-1239727175	445456782	63822	0
4098	-440766968	1239317756	63825	0
4099	1793112620	2039567476	63848	0
4100	2100263347	300866443	63876	0
4101	-1060039091	1022221054	63891	0
4102	-435420253	1642057167	63897	0
4103	-1296616527	855321239	63906	0
4104	-415890059	1886580234	63923	0
4105	-786368745	201933028	63954	0
4106	1015446594	1531545357	63975	0
4107	1496666973	1640346310	63992	0
4108	57151	1168877628	63996	0
4109	237707577	1124210693	64004	0
4110	-495893696	527819737	64028	0
4111	497179773	1267973902	64049	0
4112	921839765	1567505452	64065	0
4113	804310441	2143663210	64077	0
4114	-685827413	881267031	64088	0
4115	-1904540763	114361887	64104	0
4116	77336740	1007939082	64130	0
4117	-533443724	695021255	64145	0
4118	365023177	1286363405	64160	0
4119	-1908285976	22995413	64179	0
4120	-596427012	1894661283	64194	0
4121	-2033461045	497982057	64212	0
4122	-587030095	1431976022	64235	0
4123	481731734	106671768	64251	0
4124	74199190	168986151	64265	0
4125	2099296718	1763748811	64280	0
4126	-54212907	612612180	64296	0
4127	681035568	1009174222	64319	0
4128	658070118	943506377	64340	0
4129	1094915234	1416773485	64355	0
4130	1132547508	1378780218	64365	0
4131	971284962	1517940312	64379	0
4132	-1850125920	1904396669	64394	0
4133	-2048730591	1219090392	64421	0
4134	2073503543	1359766746	64437	0
4135	-2096661019	2029250026	64445	0
4136	1472029969	419514299	64455	0
4137	-1788261332	1998811536	64471	0
4138	-1798082740	1471976838	64496	0
4139	1167614691	493586464	64521	0
4140	888628202	297055202	64526	0
4141	-363485597	158718819	64528	0
4142	1303992198	1345328867	64542	0
4143	1684838146	1628394678	64564	0
4144	1909542191	1331559921	64594	0
4145	1568437444	756900504	64606	0
4146	-1450585268	1579914834	64608	0
4147	2051248532	1844780391	64613	0
4148	311030182	300550835	64630	0
4149	-488773094	2117720821	64659	0
4150	-291204839	1923167381	64680	0
4151	-1046378196	1435889806	64681	0
4152	1227634085	925374151	64685	0
4153	539668245	480434972	64699	0
4154	679616738	1288882327	64719	0
4155	770799942	443116345	64733	0
4156	-1335540953	2116178847	64747	0
4157	1077216095	824204154	64751	0
4158	11647902	173802408	64762	0
4159	1785558106	575310818	64780	0
4160	-1169396934	1824405434	64796	0
4161	2080874282	292207994	64814	0
4162	-291266400	1465083539	64821	0
4163	-1268854829	1111479326	64828	0
4164	2137613440	625093200	64836	0
4165	1973061148	1324054829	64851	0
4166	-1793940683	1051289034	64874	0
4167	1787666169	75514209	64889	0
4168	-1741218874	1016911573	64895	0
4169	-501977153	1992578079	64912	0
4170	-285696093	322946376	64935	0
4171	-127029996	533976289	64949	0
4172	923921705	1219763627	64965	0
4173	1263755285	1420193296	64973	0
4174	-17997277	1252289519	64975	0
4175	-70069514	1933310496	64976	0
4176	-1014939351	1423658614	64985	0
4177	-1646255659	1074310387	64988	0
4178	-437181365	2127481415	64995	0
4179	-1525188134	1124805188	64998	0
4180	-1890376903	1032339566	65001	0
4181	1808301345	426495571	65003	0
4182	1493057938	177375008	65005	0
4183	-1580132884	1655687877	65008	0
4184	1172084340	123583043	65011	0
4185	-2118695067	1179886564	65014	0
4186	1582845175	368392986	65024	0
4187	-1627757213	1286714091	65030	0
4188	1836791197	485439779	65035	0
4189	1903415831	764556039	65039	0
4190	1656476134	554408481	65041	0
4191	-1384561544	2039445742	65043	0
4192	945678408	118548576	65045	0
4193	1059893595	296483498	65047	0
4194	1441425501	682547095	65050	0
4195	-1822720476	1546337026	65056	0
4196	1260292531	187074874	65067	0
4197	-956837067	1486270914	65071	0
4198	-899386753	1321170697	65074	0
4199	-1492538272	935681786	65075	0
4200	-2124763337	428889542	65078	0
4201	-2130796124	428889542	65078	0
4202	-1500913832	1048407821	65082	0
4203	-516565356	1803139338	65091	0
4204	-1274219803	1046212382	65094	0
4205	-1700018976	843052783	65098	0
4206	-66292107	2023155946	65107	0
4207	-428013601	1863159533	65108	0
4208	-781805868	1514943367	65110	0
4209	-1613467376	657255431	65113	0
4210	-1934299558	115730628	65125	0
4211	-698464664	1390010996	65127	0
4212	-1381817852	675687316	65132	0
4213	-2041872075	6493768	65135	0
4214	-316640064	1976579341	65138	0
4215	-1600199401	646254079	65145	0
4216	-359072768	1870053535	65147	0
4217	2123182889	78197963	65152	0
4218	-699453919	461407840	65174	0
4219	1129219293	1962376177	65188	0
4220	-390324306	199162191	65205	0
4221	1623818105	1478123089	65211	0
4222	-342352312	561670925	65214	0
4223	-660833348	417786727	65224	0
4224	792805714	934112889	65244	0
4225	1461329332	491049801	65268	0
4226	-1718195286	1438574595	65283	0
4227	1287313210	1675525730	65286	0
4228	-1306695527	167351724	65289	0
4229	258664640	1121788732	65301	0
4230	-1236638148	1372567941	65315	0
4231	2024757206	400380682	65333	0
4232	-556304947	2066307858	65354	0
4233	-1452125883	980842042	65362	0
4234	-1910291729	168769201	65363	0
4235	793645423	2082299126	65379	0
4236	-864560449	1368963777	65393	0
4237	-383484683	1759348199	65408	0
4238	-375830977	1392548685	65421	0
4239	-995015508	944568881	65432	0
4240	-869566423	1344006791	65440	0
4241	-685014770	997734843	65454	0
4242	-647517523	334450749	65473	0
4243	323582866	1093640815	65493	0
4244	-831138853	382174192	65495	0
4245	287931639	1957965067	65503	0
4246	-17910971	1210756331	65523	0
4247	-406171952	1026957968	65542	0
4248	-576714337	574191804	65559	0
4249	-137445689	337134224	65568	0
4250	-25933297	1579489410	65570	0
4251	-1738297077	573535572	65573	0
4252	-714046887	1143442165	65591	0
4253	795824259	1983385012	65616	0
4254	1108654134	1615697370	65639	0
4255	640727126	1095218724	65647	0
4256	839385965	1743358971	65650	0
4257	-1114607086	704862014	65656	0
4258	-1860260061	189568542	65673	0
4259	594479348	1586901959	65699	0
4260	-69401392	460320746	65716	0
4261	-426868147	542985319	65720	0
4262	-25456373	1418952238	65721	0
4263	-1874914254	69938217	65732	0
4264	-82524205	1842630816	65754	0
4265	-668005952	297010728	65779	0
4266	283626743	601932463	65794	0
4267	323242051	963294300	65797	0
4268	-1766666527	4508918	65801	0
4269	-231949526	1332112299	65814	0
4270	-1413757731	372656130	65828	0
4271	421176261	1281537959	65853	0
4272	395281561	1356756213	65869	0
4273	-618235996	924880537	65871	0
4274	-1037256545	1121815419	65877	0
4275	112663921	1021700653	65883	0
4276	-1474873952	680769749	65886	0
4277	-1786557740	412951384	65893	0
4278	-1200862891	370166539	65910	0
4279	529564942	370166539	65910	0
4280	523360387	841523079	65914	0
4281	365987575	1115956308	65917	0
4282	-2084720734	1771969208	65919	0
4283	2048139240	2111032561	65924	0
4284	351447353	22371824	65940	0
4285	665872308	135410299	65949	0
4286	-1626879724	269373341	65955	0
4287	-2041809766	300572897	65958	0
4288	1708003136	529117604	65961	0
4289	-1022976127	644316460	65964	0
4290	122035475	1809312547	65975	0
4291	-1212602445	725396007	65986	0
4292	-687343900	1271123150	65989	0
4293	-464766108	45142980	65993	0
4294	1162142798	2043166651	65998	0
4295	-1079149210	1114148402	66000	0
4296	1968546276	1827926685	66013	0
4297	1022778997	483368962	66030	0
4298	1305200548	1061353110	66034	0
4299	582412641	591418895	66036	0
4300	-1152490459	1262656809	66040	0
4301	-1295633190	2125991352	66043	0
4302	901859913	865456654	66046	0
4303	-1198725932	540986648	66063	0
4304	-292365402	1502160584	66069	0
4305	-1160610728	1135434325	66072	0
4306	-1322315207	982198465	66078	0
4307	1063798493	1567985950	66085	0
4308	86292942	1342081759	66089	0
4309	-40916044	1108455082	66102	0
4310	998411552	1920905902	66113	0
4311	-761701037	1881220690	66115	0
4312	-1281464691	1640675948	66120	0
4313	-935510412	1892952858	66122	0
4314	-1456304416	1973564534	66124	0
4315	523897074	457141839	66132	0
4316	-1707174752	827014334	66147	0
4317	-827811759	1031328786	66162	0
4318	254079894	635681252	66181	0
4319	136941816	1139377026	66195	0
4320	-121634270	1506206786	66198	0
4321	-1597192199	752759759	66204	0
4322	747647433	1885984565	66238	0
4323	596166973	1491050847	66261	0
4324	572388394	518324562	66284	0
4325	563224222	230416523	66299	0
4326	1441088301	1922618520	66306	0
4327	-1139591504	947247242	66309	0
4328	-105414595	1528867022	66333	0
4329	788440632	1664382052	66362	0
4330	-636174622	1143122923	66373	0
4331	770839858	1836533813	66376	0
4332	566739249	1915847793	66380	0
4333	1738338146	362833731	66381	0
4334	-1008232874	2130927815	66390	0
4335	-859011675	1612002676	66404	0
4336	-162392014	1935649359	66412	0
4337	-165655097	1963163518	66420	0
4338	-1008777091	197242865	66429	0
4339	-986767581	2079354792	66431	0
4340	-2061914688	1435787039	66433	0
4341	348574490	1497667016	66441	0
4342	-53705111	869495506	66452	0
4343	754874254	1555269715	66457	0
4344	-324616852	169478002	66469	0
4345	101387691	491677936	66475	0
4346	547402441	1034827198	66483	0
4347	-291223353	484763083	66484	0
4348	-926634077	40573498	66487	0
4349	-1178232851	38508174	66495	0
4350	-438645433	559189143	66507	0
4351	-688428178	155541920	66514	0
4352	-584135469	15994879	66525	0
4353	-1834888728	380707987	66529	0
4354	-1178689470	1172393307	66535	0
4355	-128097414	211752769	66538	0
4356	1108411263	1601487070	66545	0
4357	-214354992	594826840	66549	0
4358	-100010159	902844824	66551	0
4359	890727799	1883733393	66552	0
4360	-722798236	261818892	66556	0
4361	-452669944	49701870	66572	0
4362	1244631718	1256712234	66586	0
4363	649722775	194744546	66599	0
4364	1756379210	424463824	66606	0
4365	1962420627	522617848	66613	0
4366	-1374925239	1090513773	66628	0
4367	-251067019	1625452374	66642	0
4368	-39775033	1339225157	66656	0
4369	618376022	2028511487	66659	0
4370	-248957156	1138238925	66662	0
4371	-857811077	647601658	66665	0
4372	-176123282	1141599268	66667	0
4373	670134955	2030756801	66668	0
4374	-604674736	758250717	66673	0
4375	-1468438090	1377451874	66676	0
4376	-525851176	1398855000	66679	0
4377	-1318917542	1070303723	66686	0
4378	1567639268	790183744	66689	0
4379	-1605070449	1922752449	66692	0
4380	-1582784705	835385203	66696	0
4381	-1156058331	1665140396	66702	0
4382	1264502203	130790912	66709	0
4383	1806558963	1096068031	66718	0
4384	1485057569	950076620	66723	0
4385	297238319	1500357629	66731	0
4386	514721340	1751624516	66733	0
4387	69526825	1253564602	66738	0
4388	-1035694744	137566124	66740	0
4389	139418600	1578774021	66745	0
4390	463964382	1888141189	66746	0
4391	510819203	1873397522	66751	0
4392	-1348985824	2090679315	66753	0
4393	-1795827584	1671837850	66758	0
4394	1322473597	519941793	66762	0
4395	832936252	99942446	66764	0
4396	-1383786044	1954478806	66770	0
4397	-1981399840	1385642840	66771	0
4398	1451775832	570531279	66775	0
4399	933199896	53949641	66779	0
4400	-761697950	1855352288	66784	0
4401	2015609484	365069947	66787	0
4402	-1438774171	1236996895	66792	0
4403	1930424921	349643328	66795	0
4404	-666611316	1852741177	66797	0
4405	-1092674145	1022165829	66803	0
4406	152032486	2017044895	66805	0
4407	105295704	2126504451	66807	0
4408	2133754180	1119764068	66813	0
4409	1313458891	1171451387	66816	0
4410	-2132948070	1084790269	66821	0
4411	1199125859	266270297	66824	0
4412	2058099038	1211105902	66826	0
4413	1660992529	549950470	66830	0
4414	1677273978	556083718	66835	0
4415	-1890226995	1170257125	66837	0
4416	1430785017	236104169	66842	0
4417	1688145474	345491775	66845	0
4418	484919602	141254582	66851	0
4419	-162180596	1266526412	66854	0
4420	210943180	1808300584	66858	0
4421	42073970	1325485983	66867	0
4422	497468554	1834134627	66887	0
4423	-1165348370	332806679	66903	0
4424	808443751	2059207674	66915	0
4425	-308383825	1733507258	66916	0
4426	-281385909	1066666013	66918	0
4427	-1329486136	96192070	66933	0
4428	886946363	1707316385	66952	0
4429	-131005552	59046338	66967	0
4430	367950081	1073375914	66974	0
4431	-795265445	1459799924	66977	0
4432	-1880065545	146940702	66984	0
4433	1410906761	2088994166	66998	0
4434	996074319	1596088199	67016	0
4435	671831735	1212341985	67031	0
4436	1585501764	2069857525	67033	0
4437	336605309	868293460	67038	0
4438	-335951975	206980591	67049	0
4439	261171529	166904301	67066	0
4440	1543482457	1405274911	67082	0
4441	1123169405	490223702	67093	0
4442	698380098	266554073	67096	0
4443	2005489814	1643426692	67099	0
4444	1834223062	1431862891	67117	0
4445	1670404107	1244429961	67130	0
4446	954694073	660920915	67148	0
4447	640931138	311129397	67156	0
4448	1298053969	1004137024	67161	0
4449	1205728167	888337796	67168	0
4450	-1197547027	1035760638	67182	0
4451	-1053616721	1168643816	67198	0
4452	-1577349405	591075121	67216	0
4453	-848499941	1376549571	67221	0
4454	-1900652353	219286084	67223	0
4455	-81708305	2077957143	67235	0
4456	-1940034320	217641091	67250	0
4457	-1125987771	981644760	67268	0
4458	2013877395	1354186131	67280	0
4459	1111582634	471188864	67283	0
4460	1729591034	1242630762	67286	0
4461	796755053	329878624	67300	0
4462	1326675144	640648031	67316	0
4463	-1493255820	2040183222	67333	0
4464	1146302084	419233584	67341	0
4465	2102772611	1446940384	67344	0
4466	-1808217702	921983767	67352	0
4467	-1084897211	1644754514	67368	0
4468	-1813030002	896596996	67383	0
4469	-1770939581	844766223	67399	0
4470	-1892194355	530309021	67403	0
4471	-920810981	1622695665	67411	0
4472	-846250726	1011445450	67423	0
4473	-1633840234	731404164	67436	0
4474	-1611793280	508011180	67452	0
4475	-931926023	1171351139	67464	0
4476	-456599625	1722523333	67466	0
4477	-2051661546	12388542	67472	0
4478	-825506324	1398849525	67475	0
4479	-990646281	1454701230	67479	0
4480	2028879103	198814518	67484	0
4481	-294694420	417967548	67486	0
4482	1333575388	2040665221	67492	0
4483	-180916285	575243582	67493	0
4484	534634265	1289505326	67499	0
4485	2071287901	2024962266	67503	0
4486	560738759	352393033	67508	0
4487	431265786	339857871	67510	0
4488	1686264189	1691159621	67514	0
4489	778814801	1585354152	67517	0
4490	-723168037	325548572	67522	0
4491	152083430	870903442	67529	0
4492	1878849238	275284186	67531	0
4493	-1867314989	221094627	67536	0
4494	-657433575	1056695021	67543	0
4495	-1289353538	259058363	67544	0
4496	-1216525182	801177459	67548	0
4497	1477954816	1673088439	67553	0
4498	-646642229	2108920828	67557	0
4499	295722997	1217295417	67562	0
4500	956519808	1745495527	67568	0
4501	1350461863	1801879668	67571	0
4502	1052408073	1662554570	67573	0
4503	-685048998	1517389734	67580	0
4504	-1277713705	1128336482	67582	0
4505	-1412324145	788353869	67588	0
4506	-237780361	941640685	67589	0
4507	-918689276	474747017	67594	0
4508	656747901	1517216882	67597	0
4509	451661467	1591889461	67602	0
4510	-1239241247	76229381	67608	0
4511	127530995	933094491	67611	0
4512	589474165	1367996880	67615	0
4513	-1486206123	2137181790	67620	0
4514	441035905	158601727	67627	0
4515	440960905	1011029321	67628	0
4516	1163737413	1607640247	67633	0
4517	1058521494	1286363139	67639	0
4518	329638401	1270287647	67647	0
4519	1242082347	110570438	67649	0
4520	-48079623	1452049178	67653	0
4521	-1075952326	648891679	67657	0
4522	-1749852217	290951040	67660	0
4523	1166671778	1993473991	67664	0
4524	1093514670	1384617843	67669	0
4525	40881288	2047399017	67680	0
4526	-2019060840	695212207	67695	0
4527	-1285957923	1069772694	67711	0
4528	264067049	2092262054	67717	0
4529	1330770937	982574008	67720	0
4530	348493878	185206643	67727	0
4531	-1384347552	2086450053	67746	0
4532	280071676	2025377092	67763	0
4533	-489878820	1739618680	67780	0
4534	-862876016	2038180681	67787	0
4535	-1188576957	1223986018	67789	0
4536	-312207888	1031018341	67800	0
4537	1926208508	2136503604	67817	0
4538	-1133847180	1130316187	67832	0
4539	-559360817	1762932287	67844	0
4540	-1452135199	834467921	67848	0
4541	-273586807	1697322118	67855	0
4542	-2042408267	1131637682	67871	0
4543	-1955428381	1119099791	67887	0
4544	-956263147	454297206	67904	0
4545	70925665	1603661998	67912	0
4546	-1491572805	2057400694	67915	0
4547	-1517925616	729494788	67924	0
4548	1027966661	439210013	67938	0
4549	547403216	925712732	67956	0
4550	603020792	1689635962	67974	0
4551	-1302068011	1413279495	67978	0
4552	-1825072160	1466252199	67981	0
4553	-605084088	116720375	67993	0
4554	-1873096367	852860623	68009	0
4555	-1291957105	769752529	68027	0
4556	1902838350	628727256	68038	0
4557	-800893574	2102592689	68043	0
4558	-1904742683	2116852758	68049	0
4559	1531723120	1334541905	68066	0
4560	-456112313	146866858	68083	0
4561	582979624	1474062582	68100	0
4562	-1145957555	771275455	68107	0
4563	311782657	1154960746	68112	0
4564	161659457	628064648	68118	0
4565	1879506620	1715834437	68137	0
4566	-1167576019	1527186074	68154	0
4567	121113435	468549652	68174	0
4568	465956586	1525949134	68178	0
4569	-958488226	802480	68181	0
4570	1127171984	38215299	68194	0
4571	119270925	23282020	68209	0
4572	1380867529	77388285	68225	0
4573	-866451321	188015067	68236	0
4574	1081821191	1508706539	68240	0
4575	-1547938312	723310361	68246	0
4576	1229971820	217130548	68263	0
4577	-1300145901	427595695	68277	0
4578	102843845	1450392579	68294	0
4579	1332885184	1607724496	68304	0
4580	-1061616181	1222788061	68308	0
4581	763159656	70983294	68317	0
4582	470675409	1183711310	68322	0
4583	652603895	100155754	68324	0
4584	687290040	1740810201	68329	0
4585	2039702564	2081444962	68331	0
4586	-1105225293	1107574671	68338	0
4587	-402272228	1264641032	68343	0
4588	-722822087	1362451155	68345	0
4589	-283978804	695529743	68350	0
4590	1787983778	2137151857	68353	0
4591	-464581571	1427800816	68358	0
4592	1746668584	401412798	68363	0
4593	802150639	1463596101	68366	0
4594	-1893488487	1961088095	68371	0
4595	-1758951387	784771629	68376	0
4596	-1961501304	519392633	68378	0
4597	497817280	1891867183	68382	0
4598	-1424714354	603236728	68387	0
4599	1500937547	1915917802	68390	0
4600	1919171544	1322725363	68395	0
4601	-200792203	2040352054	68399	0
4602	-1982929850	1284299387	68405	0
4603	805932152	993532087	68409	0
4604	1097308848	1368985411	68414	0
4605	373388841	287190928	68418	0
4606	-708886547	1601737902	68423	0
4607	-2122030088	7899389	68427	0
4608	371437227	822851985	68431	0
4609	72664379	1695758306	68433	0
4610	-1108609959	352697888	68437	0
4611	-604563237	707612882	68440	0
4612	-1677574053	65204684	68447	0
4613	-913761148	570646904	68452	0
4614	-423376983	1190683848	68455	0
4615	-139495424	1491025045	68458	0
4616	-1204138547	1318555711	68462	0
4617	1206386802	1990114588	68468	0
4618	-369013772	1371809612	68474	0
4619	-69642714	898134017	68479	0
4620	2128931244	1164308298	68481	0
4621	-651455280	1804402077	68482	0
4622	-677709072	122102080	68489	0
4623	202354906	952649849	68493	0
4624	530794050	944836799	68498	0
4625	1126704180	921637597	68506	0
4626	-105210607	518559966	68513	0
4627	2028421357	1772108778	68517	0
4628	639569266	1705293979	68524	0
4629	-1983724432	1102197319	68530	0
4630	-751508029	1159454372	68532	0
4631	-1915873418	728033059	68539	0
4632	-2073721759	170915421	68558	0
4633	-571980178	1292231007	68575	0
4634	-1825775565	578592215	68582	0
4635	-1247860740	796267740	68588	0
4636	1188936212	861609375	68599	0
4637	-1671438544	1771049158	68616	0
4638	584814238	306085719	68633	0
4639	-748876995	1615273484	68649	0
4640	1307993196	1321847151	68653	0
4641	-1655803278	814191049	68656	0
4642	-1767365521	1298214305	68668	0
4643	-477976009	447011683	68688	0
4644	1502103134	190008045	68705	0
4645	1154756933	110828564	68718	0
4646	-184426754	1624731708	68723	0
4647	-1396200524	1481692805	68725	0
4648	-1930039541	1416515699	68743	0
4649	-319608752	1582081743	68758	0
4650	-792456396	1208492433	68778	0
4651	1759620818	1140945283	68786	0
4652	-1179448688	761144761	68788	0
4653	1433522556	1079590289	68797	0
4654	1374407060	686246870	68814	0
4655	-1576528311	1792151205	68830	0
4656	-1505129662	879191283	68847	0
4657	-574854892	1896061977	68853	0
4658	-2056573123	1309708420	68856	0
4659	-1532748414	1056112183	68868	0
4660	-799538917	1269735142	68886	0
4661	-28633145	1823059023	68907	0
4662	-498419332	1160814914	68918	0
4663	-1564077785	1115079788	68923	0
4664	2140437294	1301187880	68926	0
4665	1042181184	515324430	68940	0
4666	-649071272	840523635	68958	0
4667	-122539765	2006786599	68974	0
4668	-56360165	578447445	68983	0
4669	-1402509605	1666649488	68988	0
4670	-613311072	885437597	68999	0
4671	-1395892542	513688293	69017	0
4672	136927627	1850339913	69035	0
4673	1555494600	1553461211	69055	0
4674	1154122576	773236510	69058	0
4675	2123531201	2136142045	69064	0
4676	-743544583	382957574	69075	0
4677	1900510655	172584338	69093	0
4678	1647217383	1853704825	69113	0
4679	738766278	1641247128	69124	0
4680	1283690661	2086325358	69129	0
4681	-1356434667	1981228775	69135	0
4682	205021797	1304149675	69152	0
4683	1771534742	1003228203	69169	0
4684	80069509	1923109991	69187	0
4685	-864521856	1198845660	69197	0
4686	-876510911	1684321024	69203	0
4687	-1804132671	481171445	69212	0
4688	-656716455	1691663347	69219	0
4689	-711952035	2049770020	69223	0
4690	-670873964	1169613990	69229	0
4691	2078361418	1905436437	69234	0
4692	996868459	1905647896	69239	0
4693	244458178	747360747	69247	0
4694	257287927	1524124204	69252	0
4695	363736470	2077723203	69257	0
4696	-1273841143	1807168102	69259	0
4697	1850824359	1348528512	69265	0
4698	-1724571135	733873674	69269	0
4699	-23995924	1607526810	69274	0
4700	-1203537670	136174359	69280	0
4701	452610172	1056565016	69283	0
4702	-1835288246	912280186	69289	0
4703	-806167084	1342245613	69296	0
4704	-747539077	28645611	69302	0
4705	1477821564	2022398628	69307	0
4706	898035313	1261679607	69310	0
4707	1637645115	1932167484	69314	0
4708	-2046491374	597056080	69319	0
4709	972548470	1634071232	69322	0
4710	677348439	1137924548	69330	0
4711	-967961040	332412768	69339	0
4712	-1583085789	1375909675	69342	0
4713	190358772	956665592	69348	0
4714	-659005709	1593226616	69351	0
4715	777813450	1821576917	69357	0
4716	1518825780	1074824392	69361	0
4717	727442465	450469919	69367	0
4718	-1691000169	1963758451	69374	0
4719	2136563343	2139988957	69383	0
4720	-1701398832	1850808620	69386	0
4721	-1837878385	1283844711	69392	0
4722	1140421166	245293451	69394	0
4723	624481333	231088765	69399	0
4724	1217583116	127218092	69402	0
4725	130308317	1754584643	69412	0
4726	-1393989207	141081221	69416	0
4727	-2097083499	167145163	69427	0
4728	-803048124	1488942858	69447	0
4729	1460245528	1743421014	69462	0
4730	-1178625223	1178261660	69484	0
4731	-1401684569	1061886450	69496	0
4732	149859639	1345867120	69507	0
4733	-2120181356	761823055	69513	0
4734	-1025844153	1823394567	69519	0
4735	1016059502	1037182321	69524	0
4736	1683999407	1551536105	69528	0
4737	1636321175	469769470	69537	0
4738	548620120	878472675	69553	0
4739	1682049118	545692165	69572	0
4740	514390356	406401097	69583	0
4741	57842036	108432720	69588	0
4742	1084111936	355323432	69597	0
4743	-1773369962	36685182	69616	0
4744	1267198308	476285241	69631	0
4745	-869151603	136029412	69647	0
4746	-402467213	173330759	69655	0
4747	-663937251	1139556608	69658	0
4748	277502785	1302975545	69673	0
4749	-880640054	415982775	69689	0
4750	-1649301228	208725495	69695	0
4751	414161948	1830108012	69698	0
4752	-1072266466	91526478	69705	0
4753	-1885171855	370911233	69710	0
4754	-1506108057	1120780604	69716	0
4755	-1824194976	1425519134	69720	0
4756	-14249521	1887792808	69725	0
4757	-407469627	1355577042	69729	0
4758	-317276302	1737534066	69741	0
4759	1140436048	376241026	69745	0
4760	-1702534276	381440228	69749	0
4761	1180561147	1035643154	69756	0
4762	217684975	359669728	69765	0
4763	573801306	1260237120	69769	0
4764	-330413354	268814628	69775	0
4765	1913025632	1904397316	69777	0
4766	1798088143	1353026447	69781	0
4767	312847726	1011282099	69786	0
4768	2100219005	2142332136	69789	0
4769	-290824323	1304116513	69794	0
4770	-1323225888	1054027115	69797	0
4771	1181778869	1750415909	69803	0
4772	1674369107	258135685	69806	0
4773	2028081005	1657811102	69811	0
4774	959462789	734483841	69814	0
4775	581748466	49086276	69817	0
4776	-1184517064	459244046	69820	0
4777	1610710763	166938661	69826	0
4778	-121604040	4373615	69833	0
4779	-442132937	325977412	69839	0
4780	-1224325049	1486672201	69841	0
4781	-1611147165	1077016023	69845	0
4782	1797998501	1332892436	69846	0
4783	-1500092318	592330416	69854	0
4784	1239946653	592330416	69854	0
4785	2105087562	1986924391	69857	0
4786	-1280663398	1923408456	69860	0
4787	2146010615	1375938078	69865	0
4788	1318247168	1274608424	69870	0
4789	-2128544241	538155481	69875	0
4790	422906893	13752128	69877	0
4791	1822630494	1843297664	69879	0
4792	790296634	2134296398	69883	0
4793	891381103	1177473001	69890	0
4794	1627900281	1636230994	69893	0
4795	-581051241	1654176245	69898	0
4796	1765780320	2135758322	69904	0
4797	1168781067	112181034	69915	0
4798	-759636833	630621261	69928	0
4799	-1290911379	450952537	69936	0
4800	-1389856026	64416822	69950	0
4801	-1394548178	1730403674	69960	0
4802	-1037238076	284274077	69986	0
4803	-1404752475	738511826	69996	0
4804	391782154	1967133445	70008	0
4805	1628628388	1834541166	70014	0
4806	2039646170	278230141	70028	0
4807	1120051931	315600502	70037	0
4808	-2016889634	1920950733	70043	0
4809	914185545	535417045	70047	0
4810	-1594732477	439452380	70055	0
4811	-1163498875	514739201	70060	0
4812	-1463211809	1600168600	70064	0
4813	1541973956	1284969942	70068	0
4814	-516231577	1883949455	70071	0
4815	2062336871	675545179	70075	0
4816	-133331155	1379911872	70080	0
4817	1894544121	1297416699	70091	0
4818	-211405693	871975973	70094	0
4819	225477160	1466323810	70097	0
4820	869187998	1963145200	70103	0
4821	264967999	1204792775	70105	0
4822	1682659137	2131603282	70110	0
4823	390178974	251116579	70113	0
4824	-1545298529	1958134178	70116	0
4825	-637965219	1863130634	70120	0
4826	-299603013	1518430366	70126	0
4827	-1028821555	593288826	70130	0
4828	1831415094	118115343	70133	0
4829	1715978263	1367348945	70135	0
4830	-1332130484	1648477957	70142	0
4831	1188759627	65062739	70144	0
4832	290925743	184271839	70148	0
4833	1730554808	1463523860	70150	0
4834	-1312159414	1131341313	70156	0
4835	1412797877	359582564	70160	0
4836	-843062710	1047061128	70167	0
4837	-634406243	905779848	70173	0
4838	352932586	186036061	70176	0
4839	-480716691	1883783217	70181	0
4840	1500363519	681537479	70186	0
4841	-759825353	260782157	70192	0
4842	772111294	757467809	70195	0
4843	1191727487	1764133896	70202	0
4844	1251451343	357099722	70207	0
4845	-12088098	821069064	70212	0
4846	1385506501	1922072621	70216	0
4847	31003756	117603722	70220	0
4848	640319427	423179252	70226	0
4849	2077652146	903174181	70233	0
4850	-1966419717	1721828097	70238	0
4851	2098871023	440442944	70244	0
4852	1204544668	1969237958	70249	0
4853	2001806682	858447176	70251	0
4854	1717023915	451064043	70256	0
4855	-1985385750	1394448325	70260	0
4856	1892960531	701315072	70269	0
4857	-1744223755	1815438344	70275	0
4858	1719825841	1014395699	70280	0
4859	-119852334	1478730408	70282	0
4860	1991439280	1065784022	70287	0
4861	696974735	1868907454	70293	0
4862	-439489178	1356560652	70297	0
4863	988527134	2005977981	70302	0
4864	-1880412701	2004601617	70307	0
4865	745826240	1298556552	70312	0
4866	2037995217	1634816481	70320	0
4867	-1453088898	1393911790	70323	0
4868	-1439816789	998437903	70330	0
4869	809694343	1228698482	70334	0
4870	1123910547	1840304763	70338	0
4871	827342261	236816666	70345	0
4872	-2068498037	1787776684	70350	0
4873	944051100	1635186700	70355	0
4874	2067800190	1684867401	70360	0
4875	733695308	1248628369	70362	0
4876	878349853	810041807	70369	0
4877	-1033825224	976301399	70376	0
4878	-773431585	1756769063	70379	0
4879	1349625795	2021246386	70383	0
4880	-53394224	1059703190	70390	0
4881	-475219043	234736060	70395	0
4882	1486182277	2127660132	70402	0
4883	-1529306616	134429207	70408	0
4884	1682733356	424323660	70410	0
4885	-1493843711	1037777493	70417	0
4886	187246049	2059371954	70420	0
4887	1648056123	942657925	70431	0
4888	-1257181087	1789023452	70435	0
4889	1524821062	1364544976	70440	0
4890	122951390	938257183	70445	0
4891	-1452221146	1303825532	70450	0
4892	1132591228	1940011861	70457	0
4893	-1611961086	918880807	70460	0
4894	1832066325	1518041251	70464	0
4895	-781802499	1319886491	70469	0
4896	-1742238895	721634378	70475	0
4897	-420957134	2000820685	70481	0
4898	-161406644	1451419233	70487	0
4899	129566649	1778451004	70494	0
4900	-541373227	2033578985	70497	0
4901	-2133937638	652058880	70502	0
4902	733122176	1704268756	70508	0
4903	2141096319	1303455141	70511	0
4904	-446219641	716024501	70524	0
4905	933660930	275966439	70547	0
4906	547962859	1822258679	70556	0
4907	-1974549563	1136432817	70563	0
4908	1821770834	616325547	70570	0
4909	-1010332779	1951585845	70585	0
4910	653608171	6464479	70612	0
4911	2044800361	1157774304	70623	0
4912	1587821238	310072034	70626	0
4913	-1973784305	837937677	70635	0
4914	255401753	814975952	70649	0
4915	1772195181	609487352	70673	0
4916	-683828725	97168993	70686	0
4917	180905334	301983493	70693	0
4918	1060897603	336419332	70701	0
4919	924927950	1596057335	70712	0
4920	-1063179689	1947896821	70725	0
4921	1694634369	1190838324	70730	0
4922	2006255304	1225609176	70735	0
4923	1947235109	1926518711	70743	0
4924	-304476948	1859498193	70748	0
4925	-1804427310	1343627469	70752	0
4926	-474955950	854193940	70756	0
4927	357025405	1147691741	70765	0
4928	763382696	1187262940	70768	0
4929	1344271092	389211415	70776	0
4930	-1219395322	1950216447	70778	0
4931	1944547069	1848807237	70785	0
4932	1171878543	438808050	70788	0
4933	2051254783	2000667412	70795	0
4934	1362368315	449422168	70799	0
4935	1897164699	648610790	70804	0
4936	1487732340	1553468150	70811	0
4937	-1998436337	764463738	70815	0
4938	522495657	622161281	70820	0
4939	-353787902	209139840	70824	0
4940	-359174290	276394439	70829	0
4941	105227804	2068052397	70834	0
4942	474521906	1222598979	70838	0
4943	-1258492902	372110603	70844	0
4944	1077031052	1337744770	70848	0
4945	40518086	1335699295	70852	0
4946	1788579448	726160889	70860	0
4947	-1335224414	1704210990	70862	0
4948	1910248978	1177662901	70867	0
4949	1311870931	567414080	70873	0
4950	1380925884	308349407	70881	0
4951	2016082698	1084033728	70884	0
4952	-1976982251	987168841	70889	0
4953	1922492575	1423581131	70892	0
4954	-1554189802	594441292	70897	0
4955	1927906525	582132696	70901	0
4956	870338599	758185981	70909	0
4957	244598104	715843742	70913	0
4958	-2104742273	1609126370	70918	0
4959	-1920024210	1939755611	70923	0
4960	-1635142418	1177197228	70927	0
4961	319634637	1883411495	70931	0
4962	1549787060	1959445981	70939	0
4963	1648294080	317973679	70944	0
4964	717216702	2097327931	70950	0
4965	2010468237	1680937798	70952	0
4966	-183859329	1983041577	70956	0
4967	-1794260362	51929057	70960	0
4968	1260297409	1235650107	70967	0
4969	224031060	1412972430	70978	0
4970	1721333564	629986930	70988	0
4971	824524916	1764014437	70993	0
4972	1580264959	2098153927	71003	0
4973	-706646744	541689837	71012	0
4974	-1411898948	1147919009	71020	0
4975	-960840464	991300417	71029	0
4976	-1859349328	1411705423	71039	0
4977	-883475244	1874647495	71044	0
4978	-760245821	257450541	71052	0
4979	1317686608	1075089248	71060	0
4980	1464704542	721229711	71065	0
4981	-1223890518	1672735734	71073	0
4982	1488720674	1883230784	71078	0
4983	-186967490	875172295	71086	0
4984	1571819220	77112285	71094	0
4985	-1219475966	766931918	71104	0
4986	1758239544	589749444	71114	0
4987	-1157010027	1934910837	71119	0
4988	-1313452867	778046739	71126	0
4989	1296405594	767170987	71136	0
4990	2141657176	1302537840	71144	0
4991	-1763630035	817180813	71153	0
4992	-2134566907	587386400	71160	0
4993	129327961	900129405	71168	0
4994	-1909743179	1679989781	71175	0
4995	-1669361575	990962419	71180	0
4996	207967979	1458957955	71182	0
4997	316746950	1295317466	71189	0
4998	-624972604	1828546855	71193	0
4999	-2102624344	1955632364	71197	0
5000	-1631998219	1839342209	71203	0
5001	1820505265	642439688	71212	0
5002	-711033633	651963013	71223	0
5003	-1259163440	1821755226	71233	0
5004	-1563329026	1013729223	71236	0
5005	-491575094	1828021057	71246	0
5006	-664825349	1778638618	71255	0
5007	1662641147	1526093897	71263	0
5008	281678357	672061138	71271	0
5009	-916102740	1543162383	71281	0
5010	-466131777	2039923989	71285	0
5011	787996220	1000653715	71291	0
5012	-401253957	547818793	71300	0
5013	1734840912	1154274912	71306	0
5014	-180379266	1868919420	71311	0
5015	-227487754	682870562	71320	0
5016	-411922920	620815173	71329	0
5017	-1502602409	4374012	71342	0
5018	-39115434	2025565592	71347	0
5019	282532450	308073846	71357	0
5020	-1856920110	243963983	71362	0
5021	173949463	1933470081	71368	0
5022	2077189216	1245278101	71379	0
5023	-470612645	86524930	71389	0
5024	-1841419627	1785724721	71392	0
5025	586752414	1102279262	71398	0
5026	1264691960	390256764	71401	0
5027	1039030851	103884291	71406	0
5028	-1121331259	1742334276	71409	0
5029	-156601839	685867661	71413	0
5030	-1830829308	695798820	71418	0
5031	1360621840	1210690557	71421	0
5032	-1681763775	645078240	71425	0
5033	-1896259948	1276604116	71428	0
5034	2025305044	1255816231	71432	0
5035	1289158143	1999215493	71439	0
5036	-1286065568	127571786	71441	0
5037	-350020331	111627661	71447	0
5038	-740584855	870603572	71453	0
5039	-1770243200	210521652	71459	0
5040	-1096842764	125712968	71462	0
5041	-712635192	2077545073	71466	0
5042	1934140803	138541662	71470	0
5043	-961264207	1216765764	71474	0
5044	1695946432	1921585832	71475	0
5045	1222594121	890413265	71484	0
5046	-149494519	1280559814	71488	0
5047	-2113593415	1111994840	71492	0
5048	-687867443	1442931165	71496	0
5049	-1855120135	1209370208	71501	0
5050	-979425527	56641815	71503	0
5051	-2031857010	1512168818	71509	0
5052	1443855391	1512168818	71509	0
5053	-1776579527	1913945455	71516	0
5054	1908701475	1927396637	71520	0
5055	645658550	1525242926	71527	0
5056	-1720199067	1855159520	71531	0
5057	12343593	832401404	71535	0
5058	342911738	1182059402	71537	0
5059	145231853	1560518369	71543	0
5060	-1785942124	1345434834	71560	0
5061	-1526851438	670774735	71590	0
5062	2105507345	1059440637	71621	0
5063	2109676259	271376638	71642	0
5064	1804319396	823377734	71645	0
5065	-280025046	38880874	71652	0
5066	1153566105	1458058478	71676	0
5067	1694156985	1037451840	71705	0
5068	24156318	706243275	71733	0
5069	-2146683021	2102682589	71750	0
5070	-790505027	779403224	71757	0
5071	-443247624	1466484869	71764	0
5072	668112980	885102542	71796	0
5073	649371022	862886642	71824	0
5074	-2034023620	1236656485	71847	0
5075	-1874349259	1766987478	71861	0
5076	2141248183	1752678729	71871	0
5077	-1371234344	995826847	71902	0
5078	1771076233	244037508	71928	0
5079	1338814775	531823173	71947	0
5080	-756290427	1760799266	71954	0
5081	1791611111	760112694	71965	0
5082	493704860	1522886849	71997	0
5083	457858857	1041419336	72036	0
5084	-689409088	933705773	72056	0
5085	1039967944	1971223909	72064	0
5086	106458404	202034252	72068	0
5087	1459052908	98203542	72091	0
5088	-504268981	1422907331	72124	0
5089	-318892609	1828497333	72147	0
5090	551141805	1514891302	72161	0
5091	-310545647	661495276	72166	0
5092	120284710	1910120595	72176	0
5093	-1509273035	1990975751	72204	0
5094	1253283503	1697902800	72223	0
5095	-106587309	1674175817	72247	0
5096	-1218217848	386090175	72255	0
5097	1361687213	1091523359	72269	0
5098	-1774211145	2032922120	72294	0
5099	1400736084	523521137	72309	0
5100	222259519	2027571199	72325	0
5101	1596381580	1842294950	72340	0
5102	-2116034203	119765067	72355	0
5103	-1231935870	1983579340	72384	0
5104	1326108266	1194605690	72399	0
5105	1209776323	427189090	72415	0
5106	411059664	2050672116	72425	0
5107	1946237401	122678932	72439	0
5108	-1861244587	224165114	72461	0
5109	-1571607638	82970234	72482	0
5110	199000302	1843649464	72502	0
5111	-343623080	30236989	72520	0
5112	329638680	1432668507	72524	0
5113	262242831	535178455	72525	0
5114	1489607020	1951394214	72542	0
5115	1165236340	78570309	72572	0
5116	-687981042	1808672134	72591	0
5117	-710124516	2029166437	72602	0
5118	133258515	1958244618	72608	0
5119	1823737174	1115393769	72617	0
5120	113449387	375765941	72620	0
5121	937199206	986583537	72633	0
5122	-543153295	235135363	72643	0
5123	980380974	1343778904	72657	0
5124	-244412533	547634826	72661	0
5125	671657279	547634826	72661	0
5126	-590753456	1108762380	72665	0
5127	-36333521	1625242310	72673	0
5128	1852686144	29595119	72681	0
5129	1259699535	621380435	72697	0
5130	501022527	327088275	72706	0
5131	-1697918212	711501027	72708	0
5132	1924435203	184290501	72711	0
5133	102545356	491878495	72716	0
5134	427310450	1867625479	72720	0
5135	1298540697	1433241423	72723	0
5136	561487922	256297093	72730	0
5137	-2025542497	1465570404	72736	0
5138	-1520930235	2067045663	72743	0
5139	-972931332	780451872	72752	0
5140	-1451348382	320262516	72760	0
5141	-360569383	1070942806	72775	0
5142	-449553659	1167454003	72790	0
5143	599482218	2084049670	72797	0
5144	-1095289060	1030953610	72812	0
5145	-684528282	921517889	72825	0
5146	1533872484	373804902	72832	0
5147	-691686892	1597284079	72841	0
5148	-932413754	917543012	72850	0
5149	-1626143473	1577814574	72869	0
5150	-1456855163	1369524705	72881	0
5151	-1855604524	307439579	72893	0
5152	143344585	1786008579	72898	0
5153	327698692	334853619	72904	0
5154	1202272904	836261151	72911	0
5155	2007592576	805569525	72912	0
5156	-1679394356	1363714195	72922	0
5157	1619708539	230634526	72931	0
5158	1873840493	365971324	72939	0
5159	-657482787	214103860	72949	0
5160	1936844581	2011027816	72963	0
5161	1396269813	121823626	72973	0
5162	1310361735	1289072261	72979	0
5163	1867061981	790736992	72981	0
5164	1732550248	1197360445	72982	0
5165	1584534764	1204851597	72989	0
5166	-1550020559	2024369745	72993	0
5167	1259442890	5951568	73012	0
5168	-243462075	1931711043	73036	0
5169	-180819460	635814828	73057	0
5170	-1234000780	1935529878	73076	0
5171	946679759	1349484637	73098	0
5172	862871742	1213749772	73119	0
5173	-1197450092	1005380223	73140	0
5174	-1251300310	652592182	73167	0
5175	1404365888	922771779	73173	0
5176	-1583885156	918698791	73180	0
5177	1018232882	1988942158	73203	0
5178	-1994528876	989041793	73222	0
5179	-1196231184	1382692857	73241	0
5180	-1738008270	553895580	73260	0
5181	2018420742	463247332	73266	0
5182	1945304700	491963354	73285	0
5183	1970559920	987139437	73304	0
5184	-2022564081	918194526	73334	0
5185	-1396801227	1142989644	73359	0
5186	-1413615967	1000910076	73367	0
5187	-1183204788	1942450321	73390	0
5188	-1008855617	2081323920	73406	0
5189	-2127873432	863498764	73425	0
5190	859428898	89439706	73443	0
5191	-2035242536	898140681	73464	0
5192	1878569675	399048387	73477	0
5193	570209651	105695507	73479	0
5194	-1392638959	840585540	73504	0
5195	-1735227337	418536244	73524	0
5196	-950482235	1148269133	73544	0
5197	-1551021881	1670014680	73578	0
5198	-1882581620	1670014680	73578	0
5199	642954004	534345971	73584	0
5200	-1287977235	989798302	73613	0
5201	-399483111	1709789619	73629	0
5202	16120476	1019896239	73657	0
5203	791795399	1258763712	73664	0
5204	1569632427	904655879	73673	0
5205	1147854549	1350409636	73683	0
5206	1758991215	1630713885	73707	0
5207	1259928277	1969493118	73732	0
5208	1818707510	1791522528	73745	0
5209	1568065718	2030098752	73756	0
5210	-912272361	152097480	73767	0
5211	76543622	809264969	73787	0
5212	968736400	1994548131	73803	0
5213	-33312588	1568923815	73806	0
5214	208123255	290786141	73822	0
5215	592279057	1123567487	73834	0
5216	-583896774	390132455	73841	0
5217	-1083590692	480028319	73848	0
5218	-156337293	1941320987	73855	0
5219	-1758199739	421981985	73861	0
5220	-890432965	1064483155	73881	0
5221	-759897874	848625659	73891	0
5222	-2043864251	134179500	73897	0
5223	-903001209	1399872009	73904	0
5224	-1729864066	777264372	73913	0
5225	79779911	1578086728	73924	0
5226	370033463	1974680193	73933	0
5227	-1059009919	542988228	73941	0
5228	-1327412893	585655752	73944	0
5229	-790304428	1176067556	73953	0
5230	-1921385022	44391858	73967	0
5231	-1527419328	669386333	73970	0
5232	-1653647870	556405703	73972	0
5233	-2038387742	104907919	73976	0
5234	22510977	1926224096	73994	0
5235	-237439235	1538565797	74001	0
5236	-644319811	1394235449	74005	0
5237	228137569	1101979722	74017	0
5238	703900515	1660855713	74024	0
5239	1277337814	1795617430	74039	0
5240	936047266	1217116373	74043	0
5241	1202809255	1467866011	74045	0
5242	1613660707	1467866011	74045	0
5243	1123677801	1235474062	74059	0
5244	130277038	1145126989	74066	0
5245	-278669380	803872395	74070	0
5246	-1643696558	2120051413	74079	0
5247	1358720439	921104264	74081	0
5248	977755928	78490175	74106	0
5249	1796559110	678429984	74112	0
5250	1231251067	288458140	74118	0
5251	1616946003	754851557	74127	0
5252	1807155762	908208663	74138	0
5253	-1875659578	1634424831	74149	0
5254	1228350321	305173756	74153	0
5255	1771356632	1403443627	74155	0
5256	1771189904	1403443627	74155	0
5257	1852432455	1626811083	74168	0
5258	-1529978643	1875073619	74184	0
5259	-1168104072	1560746403	74200	0
5260	-238984378	1778331533	74228	0
5261	1972746804	51202559	74236	0
5262	-524378333	1807276739	74250	0
5263	-291784775	1556938664	74264	0
5264	-431713306	1851312013	74279	0
5265	107873568	172102283	74299	0
5266	1834837619	1298558933	74315	0
5267	856612313	288955491	74331	0
5268	259881494	90695452	74343	0
5269	1690978491	1792819337	74355	0
5270	907014832	847064986	74375	0
5271	1552015297	1133952654	74389	0
5272	1238202004	230166838	74417	0
5273	1284142767	118876325	74426	0
5274	-1995389377	1977548531	74427	0
5275	-2107323728	1913847659	74454	0
5276	899593971	743981716	74468	0
5277	649194689	255491107	74498	0
5278	1829841813	773016053	74514	0
5279	-1632962213	1994304835	74522	0
5280	-1886553412	2098248724	74532	0
5281	1460796536	1747737444	74545	0
5282	-1974970676	2133210870	74578	0
5283	-2043814425	1235301146	74602	0
5284	-1770151480	1793972369	74605	0
5285	445438768	200902982	74617	0
5286	871048422	1119593895	74628	0
5287	316725217	254079908	74659	0
5288	1052356487	445095607	74682	0
5289	-1615217068	1646592691	74697	0
5290	1915724048	1228303538	74705	0
5291	-1659165681	1874045374	74717	0
5292	-1253853159	2072350247	74749	0
5293	-1757068337	673936611	74771	0
5294	-224786387	1642767640	74793	0
5295	-1984601643	490919519	74799	0
5296	1271211313	242214519	74806	0
5297	1153510840	579338142	74828	0
5298	1217074684	136475706	74853	0
5299	-624150600	1875734083	74875	0
5300	-662492394	1023122452	74900	0
5301	-1477511158	872478569	74906	0
5302	-1429003995	1335817906	74928	0
5303	-1949968832	789566126	74946	0
5304	-1542172509	1245530231	74960	0
5305	2032034692	185964442	74980	0
5306	-254741700	1744144072	75003	0
5307	-320311181	1747876067	75019	0
5308	-931304207	1798709488	75031	0
5309	-1999593363	753464329	75053	0
5310	1529432775	189205990	75069	0
5311	-940829201	1462949226	75096	0
5312	-1128828968	1142161762	75111	0
5313	-2104840142	898099098	75115	0
5314	2037906129	1383804559	75121	0
5315	1116249092	1016617876	75136	0
5316	-206354142	168798179	75142	0
5317	1864437068	690606287	75143	0
5318	-1784023267	1262014248	75152	0
5319	2074245643	1203744104	75159	0
5320	1606180329	1109337444	75161	0
5321	2034791169	1504934068	75167	0
5322	-1694950950	2024318735	75169	0
5323	1393769303	799534850	75177	0
5324	1310909244	859210004	75179	0
5325	1000771428	560876681	75183	0
5326	961442598	598635042	75185	0
5327	1509051610	1050872046	75192	0
5328	-1947176619	1910725022	75194	0
5329	-2141328805	1910725022	75194	0
5330	2106097659	1553669097	75203	0
5331	1419618503	827659106	75208	0
5332	1756641846	1436903743	75211	0
5333	402586189	195561925	75218	0
5334	-1592807422	1981051192	75228	0
5335	-1917650147	2095598176	75237	0
5336	438840173	381772752	75244	0
5337	2019345575	1833023309	75249	0
5338	783968198	506473108	75251	0
5339	932767575	2081581741	75253	0
5340	1201510972	2137686126	75258	0
5341	414983105	2098612358	75262	0
5342	636183774	1610494172	75265	0
5343	99245452	2026978690	75271	0
5344	-1921709282	1937451324	75278	0
5345	-2113594121	1360467596	75281	0
5346	1212181352	1768406936	75284	0
5347	-2066519919	824381033	75288	0
5348	604663207	1486978750	75292	0
5349	990290904	1700149740	75298	0
5350	1086566747	1938313335	75302	0
5351	522091614	350962815	75305	0
5352	910860659	523413140	75314	0
5353	-1044706526	644623579	75317	0
5354	-629264831	769794345	75320	0
5355	106294847	1430364094	75325	0
5356	-1031032762	479193571	75329	0
5357	-1411721283	135290286	75332	0
5358	-216923791	973594244	75335	0
5359	664580848	1922278859	75339	0
5360	10685210	1133946334	75348	0
5361	306723382	1634335717	75351	0
5362	-1300536776	1872862516	75366	0
5363	-1020315201	1763034127	75369	0
5364	2028434151	1004434981	75372	0
5365	52988392	544401467	75384	0
5366	1148430688	1305424516	75399	0
5367	-2002488262	2142447022	75418	0
5368	1126970774	517707854	75431	0
5369	240380904	1199382648	75436	0
5370	-838051933	771380233	75439	0
5371	-1255421249	58024952	75454	0
5372	-312074731	1176968255	75468	0
5373	1100091443	1788678251	75487	0
5374	-427514441	122189549	75492	0
5375	518547047	1612168457	75497	0
5376	1286277197	1146962943	75503	0
5377	1944501076	1838796895	75525	0
5378	1777517283	1332031370	75541	0
5379	-1872711296	1345697866	75557	0
5380	880268095	461381126	75560	0
5381	17266256	379178421	75562	0
5382	322761499	833235253	75572	0
5383	245142172	1801253060	75589	0
5384	-961227102	554397311	75607	0
5385	650752167	1608376512	75624	0
5386	783833389	1883380857	75629	0
5387	-546321303	1353234668	75632	0
5388	578879277	1686440168	75652	0
5389	-492348537	409874825	75666	0
5390	-92118549	702637721	75683	0
5391	286668601	567163482	75691	0
5392	1240455158	2032333725	75695	0
5393	374927885	1588060108	75703	0
5394	-1006941949	176818178	75720	0
5395	386368392	346682259	75741	0
5396	1128559803	617508991	75757	0
5397	-1876108441	1892806230	75760	0
5398	1893497357	1857360233	75767	0
5399	135040276	1929072792	75777	0
5400	-352891726	1056710169	75797	0
5401	-680564446	568352089	75811	0
5402	91156639	944089920	75822	0
5403	875078959	1717486846	75829	0
5404	571944035	1833041697	75839	0
5405	-458559692	956648713	75855	0
5406	2101721794	1809719263	75871	0
5407	1239182213	1049539252	75885	0
5408	-1047771447	1665904224	75892	0
5409	-1516129923	1630173109	75894	0
5410	-1787892197	1924866310	75899	0
5411	968681771	1026667796	75903	0
5412	-50413591	312089799	75908	0
5413	215432623	777702393	75911	0
5414	662461751	681947121	75914	0
5415	-1809018538	571552111	75919	0
5416	-2075520272	377583577	75923	0
5417	-660209495	1557756857	75926	0
5418	1294278114	1376388375	75933	0
5419	209734970	1471645836	75937	0
5420	60702800	1312781656	75941	0
5421	318226735	295366747	75946	0
5422	1497210030	1380859989	75952	0
5423	468779241	2087856367	75954	0
5424	-779461578	844518635	75959	0
5425	1500574464	1255642419	75963	0
5426	2034437031	1834228854	75966	0
5427	1860392090	1515160731	75969	0
5428	521470965	1775620782	75973	0
5429	-294839146	909720615	75976	0
5430	260829722	1533495656	75982	0
5431	1395672132	1500618092	75985	0
5432	2029544288	1884777738	75989	0
5433	-1267094577	661482707	75995	0
5434	-369687283	2114306689	75998	0
5435	-1228256794	1327305018	76000	0
5436	-818741615	213696342	76002	0
5437	-457761835	450184237	76006	0
5438	-18621647	1056196133	76012	0
5439	-1576477156	1348908382	76015	0
5440	-1620597589	760512900	76024	0
5441	-1971208311	734408273	76028	0
5442	-1751574674	935000284	76031	0
5443	1210243656	1732170748	76033	0
5444	705761526	1412290011	76036	0
5445	1224044919	1646025478	76042	0
5446	1352660438	1116075290	76043	0
5447	-2077789845	1665232485	76048	0
5448	1642608822	1206653600	76052	0
5449	1274622389	1086801693	76060	0
5450	1578461036	1187882549	76062	0
5451	1382319177	1172520447	76066	0
5452	1554914202	1460228810	76068	0
5453	-1629996786	1661393833	76074	0
5454	1416438398	1969312705	76078	0
5455	-80702538	568557748	76083	0
5456	1420454344	427137460	76084	0
5457	-2058516518	928138111	76090	0
5458	1665515445	322925395	76098	0
5459	-1860728904	728816437	76102	0
5460	1855212554	53079317	76109	0
5461	-511178644	1511665073	76112	0
5462	-1206927395	1144456337	76114	0
5463	-693453790	1605804204	76120	0
5464	-1993791870	943351768	76126	0
5465	2117962167	550851779	76128	0
5466	2098714891	616872307	76132	0
5467	-1273584311	1572440180	76134	0
5468	1072717865	353781293	76143	0
5469	-1357887605	2114539142	76146	0
5470	949803163	684455713	76148	0
5471	235003325	1554962858	76150	0
5472	1852171728	1042863087	76160	0
5473	1463253211	1219559245	76165	0
5474	-287195320	1418080052	76168	0
5475	-711417961	1194898332	76170	0
5476	579999290	1966539574	76174	0
5477	-1717682098	1556162738	76179	0
5478	1569387168	199321569	76182	0
5479	-299204811	1832495737	76184	0
5480	-892173842	1136530261	76188	0
5481	-1635069538	397858494	76190	0
5482	-1488706663	1932935565	76193	0
5483	530654176	1331024028	76197	0
5484	-656916936	655491820	76207	0
5485	174279105	1572384908	76210	0
5486	229136999	1054612983	76214	0
5487	213162367	641456741	76217	0
5488	762799873	1469226313	76220	0
5489	-93740653	1451958974	76222	0
5490	-1590398615	613424372	76226	0
5491	-626794264	1489525570	76228	0
5492	-350125000	417094069	76235	0
5493	-1616674713	2020302636	76238	0
5494	-569662537	677476560	76243	0
5495	2121700939	395794001	76253	0
5496	792692973	1645199180	76255	0
5497	1319292496	813183436	76260	0
5498	931132535	2127678715	76262	0
5499	-1265468851	477022777	76266	0
5500	-528887627	1146794751	76267	0
5501	1176301901	642945723	76274	0
5502	831264734	1085933476	76276	0
5503	-1557095164	308656561	76280	0
5504	1148323294	545457455	76281	0
5505	-252521999	491506331	76288	0
5506	1964055192	1861399121	76294	0
5507	861927988	445800165	76310	0
5508	1171399569	15715659	76340	0
5509	-987617610	1484273766	76354	0
5510	-1851735615	311530354	76358	0
5511	611886984	1349674895	76366	0
5512	891362580	2105016743	76393	0
5513	-842622947	236507162	76417	0
5514	1269384039	1550106832	76443	0
5515	479187674	1367547095	76449	0
5516	307320877	1675156214	76455	0
5517	-625963093	1457215240	76467	0
5518	2077654031	1476212088	76484	0
5519	526191432	2055409025	76500	0
5520	-1014781682	815520099	76511	0
5521	-1359295985	644944179	76512	0
5522	-1923834705	335083129	76515	0
5523	-1641280729	1262794210	76531	0
5524	-742010473	1784251629	76548	0
5525	-1251894915	887956331	76565	0
5526	-350719794	806223859	76577	0
5527	-476602797	944517136	76579	0
5528	-509434613	1087313067	76586	0
5529	-1082232269	432365904	76604	0
5530	-1254401364	45149686	76621	0
5531	1545291015	1167022787	76636	0
5532	2131029684	1872734290	76640	0
5533	1878981191	1823948897	76646	0
5534	-693414348	1063067738	76656	0
5535	361468279	2111358483	76677	0
5536	-862151027	538900663	76693	0
5537	794686502	1934574283	76703	0
5538	734831950	1811336948	76713	0
5539	-1514866091	578543976	76714	0
5540	-727553835	1427240774	76730	0
5541	-1381891255	586963201	76750	0
5542	759161790	695104510	76764	0
5543	694699888	168889135	76777	0
5544	-1897725716	1919395043	76781	0
5545	68698762	181291269	76788	0
5546	-2902449	893480985	76804	0
5547	889641254	1414747992	76821	0
5548	-492079332	1358553253	76824	0
5549	-1439811162	1097194026	76826	0
5550	-1920097883	671649702	76831	0
5551	-821565031	2022509965	76840	0
5552	1549581254	116703519	76849	0
5553	203000938	323508296	76851	0
5554	-262478586	780413099	76856	0
5555	1545521970	1998957526	76857	0
5556	-1445907418	704915599	76861	0
5557	-2014179206	184155678	76865	0
5558	-302798896	1882699821	76869	0
5559	-990712703	2109677831	76874	0
5560	-704555173	1796761488	76876	0
5561	-1378353692	889958732	76887	0
5562	1259889337	1165726197	76890	0
5563	852823211	1777547555	76892	0
5564	-418691447	214966146	76896	0
5565	-2089704231	214866023	76897	0
5566	151523937	2076558810	76904	0
5567	-547121590	1462931150	76908	0
5568	523799227	2046183184	76916	0
5569	-917644831	1419159070	76919	0
5570	-1257453064	1540110281	76923	0
5571	1690649214	799924353	76933	0
5572	-1904427871	1295644131	76936	0
5573	-967174212	698712009	76938	0
5574	1145837632	1836051245	76940	0
5575	1693249038	1848088983	76946	0
5576	1093085302	874767752	76950	0
5577	-316872474	1642394339	76953	0
5578	-354201677	1617719897	76956	0
5579	-1693908283	191593629	76962	0
5580	1503607580	1274658870	76969	0
5581	-1647739280	1192701248	76971	0
5582	-1998869488	878313134	76975	0
5583	-1315603885	1687485686	76978	0
5584	-1747969753	1528239760	76980	0
5585	-1554703257	588752045	76985	0
5586	-1887870763	178759559	76990	0
5587	775376551	810012030	76993	0
5588	1014678566	666150123	76997	0
5589	-786031581	768005199	77005	0
5590	-1210200044	418554305	77008	0
5591	-157982093	1275721963	77011	0
5592	-376006198	264314040	77014	0
5593	-1502343369	1113519895	77020	0
5594	-1377333010	816914475	77023	0
5595	-124054802	652775430	77027	0
5596	307294122	1278070129	77030	0
5597	654019241	1627048237	77033	0
5598	780990096	1021111335	77035	0
5599	1769324237	2001775243	77045	0
5600	540348646	981385645	77050	0
5601	-214274395	1011125237	77054	0
5602	-2215017	1113809528	77058	0
5603	400120991	983243619	77061	0
5604	979851047	1768440298	77066	0
5605	1018107310	1659567876	77067	0
5606	401622739	686232572	77070	0
5607	-199361179	1975733876	77075	0
5608	-684542466	1900447077	77081	0
5609	-1526821382	908771606	77085	0
5610	2030479104	428616814	77087	0
5611	15979881	2035651961	77090	0
5612	-484754738	406733615	77092	0
5613	-288075155	686838212	77098	0
5614	1332938280	1157659755	77101	0
5615	-324211751	580197754	77109	0
5616	-1255264962	277304645	77110	0
5617	-978681217	519056572	77114	0
5618	-376040603	1702837871	77115	0
5619	-1817583503	1851492911	77119	0
5620	1533231248	798884811	77123	0
5621	-1723994035	1643999026	77127	0
5622	147641425	605202970	77130	0
5623	-271064788	93148326	77137	0
5624	1949548080	23128349	77141	0
5625	-1578152986	1107939642	77142	0
5626	-1995947292	247783656	77144	0
5627	-1229708737	35833039	77148	0
5628	1325789840	35833039	77148	0
5629	-1115916139	1294659384	77151	0
5630	-359739574	1905012042	77156	0
5631	-189419530	1370277564	77160	0
5632	263098154	1619090075	77174	0
5633	-1565197529	51050423	77191	0
5634	672969250	2140696850	77206	0
5635	-566252498	866099662	77226	0
5636	-615302865	432750400	77241	0
5637	-213238324	2034653791	77258	0
5638	-181121871	1621782058	77282	0
5639	-1788718488	2000640326	77298	0
5640	-588198308	583438495	77313	0
5641	1926309749	828243760	77333	0
5642	1608643051	479553369	77347	0
5643	1861093707	659281761	77365	0
5644	2062466467	1000384939	77387	0
5645	-1052442459	1083389122	77401	0
5646	-409268372	1702030784	77417	0
5647	-1665329001	123386631	77435	0
5648	-737401459	1910967077	77450	0
5649	-1701988074	1316530191	77464	0
5650	-400201475	450390110	77479	0
5651	164298343	881310093	77498	0
5652	-69104500	1027300952	77508	0
5653	-934497872	1852394054	77510	0
5654	1633694903	217083999	77512	0
5655	1434729794	33372216	77526	0
5656	221671010	1394870476	77545	0
5657	153962612	1352782465	77562	0
5658	-849677154	261671846	77565	0
5659	-699544022	468434835	77568	0
5660	1612180337	842343008	77579	0
5661	-1770305454	1475457288	77593	0
5662	2037297649	770376521	77608	0
5663	-1786183972	997946397	77618	0
5664	-925269615	207436721	77621	0
5665	1739279420	898575257	77628	0
5666	1341231139	394001577	77645	0
5667	-1861432644	1674701794	77661	0
5668	-667347824	131055130	77672	0
5669	824082997	1572338806	77674	0
5670	-351847794	539955684	77678	0
5671	-1755402394	293918213	77691	0
5672	1774927576	124600532	77705	0
5673	-1264932130	1031972904	77725	0
5674	-1230994666	932069686	77729	0
5675	-1649771966	975257338	77733	0
5676	-1157888181	1153948489	77743	0
5677	-573919883	1608196804	77759	0
5678	-1609751060	311386240	77773	0
5679	212375135	819944533	77784	0
5680	-137295412	860264710	77785	0
5681	426657241	1608096687	77789	0
5682	938813885	1997495248	77805	0
5683	1270943773	506947048	77824	0
5684	-88582773	482658942	77840	0
5685	-53083836	339320296	77845	0
5686	-150435535	249870618	77848	0
5687	844868680	1537403711	77855	0
5688	-480198109	524668171	77871	0
5689	601266109	1580165293	77876	0
5690	-454231632	442250565	77880	0
5691	664293247	473787177	77886	0
5692	648936988	645967308	77889	0
5693	625066019	649218453	77892	0
5694	-158172480	1799699699	77895	0
5695	124771100	339951698	77900	0
5696	824505709	880226634	77906	0
5697	517984071	478823825	77910	0
5698	110072056	411414933	77912	0
5699	-1067405185	1680632645	77915	0
5700	-1988917992	730967451	77921	0
5701	1820151647	138085557	77923	0
5702	1557942078	948314055	77932	0
5703	1373853426	959782355	77938	0
5704	-2002899410	1824208399	77941	0
5705	-2090571460	166407610	77946	0
5706	-2097187144	507972117	77950	0
5707	1019938896	1487307568	77952	0
5708	1630342380	1984283131	77955	0
5709	66962935	100218591	77968	0
5710	22302950	918224256	77972	0
5711	48204993	1264432170	77976	0
5712	-686864937	470570929	77979	0
5713	840412660	1880819572	77980	0
5714	-124562085	1268359248	77986	0
5715	1503552026	53190726	77994	0
5716	1361780917	1103866214	78003	0
5717	1492702825	1170949670	78005	0
5718	69019422	1747430880	78009	0
5719	-805431514	1100698160	78013	0
5720	-1356156430	659230335	78014	0
5721	-1879232239	25542015	78018	0
5722	1903862472	1662394163	78029	0
5723	1055587946	618305563	78034	0
5724	688976372	172244404	78038	0
5725	-1893281306	1783698809	78041	0
5726	-1539707427	551218937	78044	0
5727	1163393933	1004921238	78051	0
5728	998730894	555369361	78063	0
5729	-2066507584	2057526388	78066	0
5730	-406959984	900915754	78068	0
5731	-919893534	225904271	78072	0
5732	1496862967	2045404227	78073	0
5733	114582789	615634434	78082	0
5734	1472266468	1986437694	78093	0
5735	1470223165	1349150904	78099	0
5736	742714301	644094104	78101	0
5737	-2047319238	280053053	78107	0
5738	-1637105937	2085722822	78128	0
5739	1628299535	613796354	78161	0
5740	1444354881	144811950	78194	0
5741	-2035066243	1982303850	78210	0
5742	496115377	670637035	78230	0
5743	631718908	688999966	78265	0
5744	1366162433	1673771609	78292	0
5745	1500761415	1734155187	78330	0
5746	-1658806051	324780644	78357	0
5747	-1373262716	421387683	78372	0
5748	-1839584374	88324394	78398	0
5749	35565239	1446224982	78428	0
5750	40692208	1098357893	78458	0
5751	468838465	1066742103	78493	0
5752	1109938502	1433400772	78517	0
5753	-1434808541	1869639667	78530	0
5754	914203942	65543484	78562	0
5755	-1329120506	2091182338	78588	0
5756	948690009	130812653	78616	0
5757	-1802014945	1572687116	78650	0
5758	-1542809786	1515115	78671	0
5759	235273071	1842004897	78693	0
5760	1732295083	1716492392	78720	0
5761	1506966294	1974512662	78748	0
5762	1125416845	1622094000	78771	0
5763	1219535801	1409688408	78791	0
5764	1698247324	1748217498	78817	0
5765	1342052015	1621757721	78849	0
5766	-1040292596	1262783728	78876	0
5767	-925045479	1094248122	78899	0
5768	-62005631	1997858318	78919	0
5769	-1005982405	2135667132	78941	0
5770	2021213710	734810495	78971	0
5771	-2025935489	1396659131	78999	0
5772	-2006966166	1488855752	79016	0
5773	549419721	35657134	79043	0
5774	642612153	305975749	79059	0
5775	462513534	1616347637	79084	0
5776	1050488804	1906153396	79116	0
5777	1650917242	1611562140	79136	0
5778	1741639438	1561125755	79163	0
5779	-1616643959	1682903090	79185	0
5780	1601824817	613681221	79207	0
5781	962520868	792076464	79227	0
5782	837413186	659142534	79246	0
5783	2028468955	1757311166	79273	0
5784	1181461613	630414598	79303	0
5785	-155191551	1500944589	79332	0
5786	-1029383989	639280438	79353	0
5787	205337179	1861628537	79364	0
5788	-1880866499	706761549	79380	0
5789	-1401466799	290061080	79412	0
5790	398658086	1691042394	79452	0
5791	-228502808	863683674	79481	0
5792	-2109040151	1410646080	79490	0
5793	1515701797	943196087	79501	0
5794	1988777867	1319610461	79523	0
5795	1656814620	1074200340	79553	0
5796	561215906	858354807	79586	0
5797	1622132362	1672371684	79593	0
5798	-287973542	98364316	79596	0
5799	652564433	20397283	79600	0
5800	1267207057	1892663878	79606	0
5801	1050411021	1837050220	79622	0
5802	-232065109	891375034	79629	0
5803	1656944553	1924583120	79637	0
5804	503014599	1183100848	79640	0
5805	-7357219	738570332	79648	0
5806	1768268779	793313149	79663	0
5807	-2057725741	1097898763	79672	0
5808	-1028749364	572386028	79673	0
5809	-1414502591	109782140	79677	0
5810	-108250158	1415760585	79692	0
5811	-1521059878	178490511	79697	0
5812	-831804310	946178649	79702	0
5813	-607975716	946178649	79702	0
5814	356749975	573957273	79705	0
5815	101944883	350906581	79709	0
5816	832651623	350906581	79709	0
5817	934572027	137529298	79719	0
5818	2117908290	1699595562	79729	0
5819	-527117678	200231598	79731	0
5820	-445270049	397580591	79733	0
5821	1076153183	1069224472	79737	0
5822	-58941746	97706019	79741	0
5823	786359065	991408855	79743	0
5824	-83895104	68263904	79751	0
5825	1642620773	1726424234	79755	0
5826	1334004872	1451582795	79759	0
5827	1937720872	1973753388	79766	0
5828	2105536517	2050818007	79770	0
5829	-83299509	32132227	79774	0
5830	1323043723	1357770563	79780	0
5831	512124948	453371415	79788	0
5832	1745711139	1770456049	79789	0
5833	1195958027	1374529353	79791	0
5834	118496209	401333420	79793	0
5835	-188948692	147950283	79799	0
5836	308997286	638249076	79802	0
5837	-158647786	1187909	79814	0
5838	1888270335	2001472446	79820	0
5839	1538236102	1554204365	79826	0
5840	1338932259	1388273396	79827	0
5841	445465168	575209802	79831	0
5842	1820898143	2058908533	79839	0
5843	1286665126	1590893295	79843	0
5844	1781625506	1355844067	79856	0
5845	1492629860	818641456	79867	0
5846	1649622361	1015446360	79875	0
5847	1202608686	304929317	79890	0
5848	2094567789	816058694	79915	0
5849	1969379559	409858822	79941	0
5850	-1722205283	943774381	79956	0
5851	-842096888	1631770549	79979	0
5852	-1581249821	816852291	79996	0
5853	1994170831	460894660	80010	0
5854	-1638309618	735403597	80041	0
5855	-953942242	1689805881	80057	0
5856	-901122655	1741850159	80073	0
5857	-2132190473	396613942	80093	0
5858	-730891044	1983684404	80110	0
5859	1687803272	32581772	80130	0
5860	-885388401	1674529027	80150	0
5861	-2123163986	237180730	80177	0
5862	-1178886890	1340982362	80193	0
5863	-199025729	2083150536	80212	0
5864	-1379568658	693800245	80245	0
5865	-783852309	1418320447	80280	0
5866	-509713871	1595786144	80307	0
5867	-924594483	1165945384	80321	0
5868	-1242639500	938845332	80334	0
5869	-1977835170	670739659	80348	0
5870	-1532747482	1331291200	80373	0
5871	-600755749	2073457775	80403	0
5872	-1127941133	1575498727	80426	0
5873	-1314917241	1290903447	80446	0
5874	-1883358891	813243862	80460	0
5875	-1319329226	1528128000	80479	0
5876	-1240405138	1723095830	80497	0
5877	-1733446838	1278519455	80518	0
5878	2070190290	739755186	80550	0
5879	2013381989	406968146	80569	0
5880	2069295669	1486951276	80586	0
5881	95964850	590724522	80601	0
5882	-140201913	829677323	80615	0
5883	-746547383	196555130	80641	0
5884	-171634983	653172549	80666	0
5885	899650672	1651822465	80672	0
5886	-556317313	242411812	80683	0
5887	-92269610	1559798782	80705	0
5888	-1020033030	846149493	80722	0
5889	-1808333889	919004273	80743	0
5890	-1544422759	1511030179	80767	0
5891	1877824885	872045623	80768	0
5892	-1668894541	1709060310	80782	0
5893	979935124	2073475983	80807	0
5894	-1895984612	49688704	80828	0
5895	-540248753	2065169676	80849	0
5896	2091027332	23849854	80865	0
5897	911929944	224234521	80874	0
5898	955083518	699752102	80890	0
5899	900794612	1684830472	80916	0
5900	-836558292	498616750	80930	0
5901	-1546972814	103454106	80951	0
5902	-1241385119	216657046	80963	0
5903	-1073307641	1412160928	80968	0
5904	-355895835	2120193209	80980	0
5905	-1406760010	1255106161	80992	0
5906	-1394796246	1672149379	80993	0
5907	-1013583711	1688376726	81006	0
5908	-1973877558	709589040	81016	0
5909	-1216931163	1668347098	81022	0
5910	-1391817156	1379272143	81036	0
5911	862301527	814231746	81049	0
5912	1150116653	1539652827	81051	0
5913	615276979	841741414	81064	0
5914	1064951295	1294785131	81073	0
5915	1387312836	1597000784	81076	0
5916	610263520	675375242	81088	0
5917	607597104	541988011	81101	0
5918	-251437074	1163956583	81103	0
5919	454801968	1787396692	81117	0
5920	-546024298	730075882	81129	0
5921	-1279016796	165867758	81137	0
5922	256559420	1285549348	81149	0
5923	894405900	1899974600	81159	0
5924	-617696172	633500666	81167	0
5925	113473002	1321635983	81184	0
5926	-2136218669	1498725958	81205	0
5927	513622293	18947608	81208	0
5928	-1835547751	1972151318	81221	0
5929	678092454	14930332	81233	0
5930	913324832	556557859	81235	0
5931	975365004	626570753	81251	0
5932	977500744	579507664	81263	0
5933	552991337	320647391	81272	0
5934	1358563220	732625413	81284	0
5935	1343689191	754501488	81293	0
5936	-1815952351	2049197993	81303	0
5937	1291383297	769439052	81318	0
5938	868555852	12716564	81336	0
5939	2097782293	1230942693	81340	0
5940	600127277	1633473360	81343	0
5941	687150017	1418996638	81352	0
5942	-346929841	952399615	81356	0
5943	-806997456	712087727	81374	0
5944	-1608675287	1662672337	81381	0
5945	-35468753	1009204843	81388	0
5946	-397262132	743390975	81392	0
5947	-1460966337	2017204692	81400	0
5948	-1795903198	2070569310	81419	0
5949	1429609711	1056866451	81437	0
5950	67814470	1731179709	81444	0
5951	-900738514	790506705	81451	0
5952	-2075097906	576984444	81465	0
5953	631376777	376267779	81483	0
5954	497239769	2120063801	81493	0
5955	1335350113	1093831743	81502	0
5956	-686085822	673299406	81506	0
5957	-2012760220	1797492532	81522	0
5958	428822873	65323996	81540	0
5959	-1238830924	230336585	81554	0
5960	-1523920296	271773191	81566	0
5961	1178291715	920984674	81570	0
5962	847612933	860714155	81575	0
5963	455371301	758103817	81604	0
5964	-2118660990	332772806	81630	0
5965	121421641	634964199	81647	0
5966	-172760939	1211619395	81649	0
5967	-1335022316	1593242978	81651	0
5968	-1536904699	1159555394	81672	0
5969	-2098626403	17154490	81693	0
5970	598133449	1463912229	81696	0
5971	2065575332	255766807	81700	0
5972	-1511891209	949249103	81703	0
5973	1370322787	822363660	81709	0
5974	-1464695985	1953439235	81714	0
5975	-1776335383	490231261	81715	0
5976	-928664830	1794180523	81720	0
5977	834577310	326379523	81723	0
5978	1634033766	746154512	81728	0
5979	1149049320	1673084267	81737	0
5980	1411906648	1878344580	81741	0
5981	1449306602	1930654092	81746	0
5982	1334172012	1817364907	81749	0
5983	828163169	2138079594	81755	0
5984	422546320	1025038509	81759	0
5985	223803886	913795891	81762	0
5986	-479851543	180616511	81763	0
5987	-313168409	360500220	81768	0
5988	1427247199	1424972297	81772	0
5989	978514738	930588830	81776	0
5990	485857727	370451556	81789	0
5991	1266410768	1163936922	81794	0
5992	1410898797	1175397848	81797	0
5993	734902949	546349249	81801	0
5994	-1869157825	2137200126	81816	0
5995	1196112019	769660373	81831	0
5996	728001577	884543521	81840	0
5997	1605371379	1669332476	81843	0
5998	2074359899	2092578122	81849	0
5999	-617051799	397666526	81856	0
6000	-509239022	360568369	81872	0
